
INSERT INTO MEMBER (MEMBERID, MEMBERPW, NAME, NICKNAME, EMAIL, PHONENUM, GENDER, ADDRESS) VALUES ('kang', 1, 'κ°•μΉμ°¬', 'κµ­λΉ„μµκ³ μ΅°μ¥', 'sample@sample.sample', '01012345678', 1, 'μ„μΈνΉλ³„μ‹ κ°•λ‚¨κµ¬');
INSERT INTO MEMBERPROFILE (PROFILENUM, MEMBERID, PROFILEIMG, SHORTINTRO, INTRO) VALUES ((SELECT NVL(MAX(PROFILENUM),0)+1 FROM MEMBERPROFILE), 'kang', NULL, 'NPNCμ΅°μ¥', 'μ μ–΄μ£Όμ„Έμ”');

INSERT INTO MEMBER (MEMBERID, MEMBERPW, NAME, NICKNAME, EMAIL, PHONENUM, GENDER, ADDRESS) VALUES ('wan', 1, 'κ°•λ‘μ™„', 'μ¦κ²κ²μ‚΄μ', 'endhks0321@naver.com', '01012345678', 1, 'μ„μΈνΉλ³„μ‹ κ°•λ‚¨κµ¬');
INSERT INTO MEMBERPROFILE (PROFILENUM, MEMBERID, PROFILEIMG, SHORTINTRO, INTRO) VALUES ((SELECT NVL(MAX(PROFILENUM),0)+1 FROM MEMBERPROFILE), 'wan', NULL, 'λ΅¤λ΅¤λ§μ„Έ', 'μ μ–΄μ£Όμ„Έμ”');

INSERT INTO MEMBER (MEMBERID, MEMBERPW, NAME, NICKNAME, EMAIL, PHONENUM, GENDER, ADDRESS) VALUES ('kim', 1, 'κΉ€μ„ν•', 'μ—­μ‚Όμ”¨λ²”', 'vbn5623@naver.com', '01012345678', 1, 'μ„μΈνΉλ³„μ‹ κ°•λ‚¨κµ¬');
INSERT INTO MEMBERPROFILE (PROFILENUM, MEMBERID, PROFILEIMG, SHORTINTRO, INTRO) VALUES ((SELECT NVL(MAX(PROFILENUM),0)+1 FROM MEMBERPROFILE), 'kim', NULL, '3λ€ 400', 'μ μ–΄μ£Όμ„Έμ”');

INSERT INTO MEMBER (MEMBERID, MEMBERPW, NAME, NICKNAME, EMAIL, PHONENUM, GENDER, ADDRESS) VALUES ('ryu', 1, 'λ¥μ¤€νƒ', 'μ†”λ΅μ™ΈκΈΈμΈμƒ', 'fbwnsxo112@naver.com', '01012345678', 1, 'μ„μΈνΉλ³„μ‹ κ°•λ‚¨κµ¬');
INSERT INTO MEMBERPROFILE (PROFILENUM, MEMBERID, PROFILEIMG, SHORTINTRO, INTRO) VALUES ((SELECT NVL(MAX(PROFILENUM),0)+1 FROM MEMBERPROFILE), 'ryu', NULL, 'μμ·¨ν•λ” μμ·¨μƒ', 'μ μ–΄μ£Όμ„Έμ”');

INSERT INTO MEMBER (MEMBERID, MEMBERPW, NAME, NICKNAME, EMAIL, PHONENUM, GENDER, ADDRESS) VALUES ('lee', 1, 'μ΄μ„±λ¨', 'κ°•λ™μƒ¤λ”•', 'whwkfyd001@naver.com', '01012345678', 1, 'μ„μΈνΉλ³„μ‹ κ°•λ‚¨κµ¬');
INSERT INTO MEMBERPROFILE (PROFILENUM, MEMBERID, PROFILEIMG, SHORTINTRO, INTRO) VALUES ((SELECT NVL(MAX(PROFILENUM),0)+1 FROM MEMBERPROFILE), 'lee', NULL, 'λ²”λ©ΈμΉν λ§‰λ‚΄', 'μ μ–΄μ£Όμ„Έμ”');

INSERT INTO MEMBER (MEMBERID, MEMBERPW, NAME, NICKNAME, EMAIL, PHONENUM, GENDER, ADDRESS) VALUES ('iu', 1, 'μ•„μ΄μ ', 'μ•„μ΄μ ', '1@naver.com', '01012345678', 2, 'μ„μΈνΉλ³„μ‹ κ°•λ‚¨κµ¬');
INSERT INTO MEMBERPROFILE (PROFILENUM, MEMBERID, PROFILEIMG, SHORTINTRO, INTRO) VALUES ((SELECT NVL(MAX(PROFILENUM),0)+1 FROM MEMBERPROFILE), 'iu', 'iu.jfif', 'μ‹±μ–΄μ†΅λΌμ΄ν„°', 'μ μ–΄μ£Όμ„Έμ”');

INSERT INTO MEMBER (MEMBERID, MEMBERPW, NAME, NICKNAME, EMAIL, PHONENUM, GENDER, ADDRESS) VALUES ('go', 1, 'κ³ μ¤μ •', 'κ³ μ¤μ •', '1@naver.com', '01012345678', 2, 'μ„μΈνΉλ³„μ‹ κ°•λ‚¨κµ¬');
INSERT INTO MEMBERPROFILE (PROFILENUM, MEMBERID, PROFILEIMG, SHORTINTRO, INTRO) VALUES ((SELECT NVL(MAX(PROFILENUM),0)+1 FROM MEMBERPROFILE), 'go', 'go.jfif', 'λ°°μ°', 'μ μ–΄μ£Όμ„Έμ”');

INSERT INTO MEMBER (MEMBERID, MEMBERPW, NAME, NICKNAME, EMAIL, PHONENUM, GENDER, ADDRESS) VALUES ('jang', 1, 'μ¥μ›μ', 'μ¥μ›μ', '1@naver.com', '01012345678', 2, 'μ„μΈνΉλ³„μ‹ κ°•λ‚¨κµ¬');
INSERT INTO MEMBERPROFILE (PROFILENUM, MEMBERID, PROFILEIMG, SHORTINTRO, INTRO) VALUES ((SELECT NVL(MAX(PROFILENUM),0)+1 FROM MEMBERPROFILE), 'jang', 'jang.jfif', 'μ•„μ΄λΈ', 'μ μ–΄μ£Όμ„Έμ”');

INSERT INTO MEMBER (MEMBERID, MEMBERPW, NAME, NICKNAME, EMAIL, PHONENUM, GENDER, ADDRESS) VALUES ('an', 1, 'μ•μ μ§„', 'μ•μ μ§„', '1@naver.com', '01012345678', 2, 'μ„μΈνΉλ³„μ‹ κ°•λ‚¨κµ¬');
INSERT INTO MEMBERPROFILE (PROFILENUM, MEMBERID, PROFILEIMG, SHORTINTRO, INTRO) VALUES ((SELECT NVL(MAX(PROFILENUM),0)+1 FROM MEMBERPROFILE), 'an', 'an.jfif', 'μ•„μ΄λΈ', 'μ μ–΄μ£Όμ„Έμ”');

INSERT INTO MEMBER (MEMBERID, MEMBERPW, NAME, NICKNAME, EMAIL, PHONENUM, GENDER, ADDRESS) VALUES ('bae', 1, 'λ°°μμ§€', 'λ°°μμ§€', '1@naver.com', '01012345678', 2, 'μ„μΈνΉλ³„μ‹ κ°•λ‚¨κµ¬');
INSERT INTO MEMBERPROFILE (PROFILENUM, MEMBERID, PROFILEIMG, SHORTINTRO, INTRO) VALUES ((SELECT NVL(MAX(PROFILENUM),0)+1 FROM MEMBERPROFILE), 'bae', 'bae.jfif', 'λ―Έμ“°μ—μ΄', 'μ μ–΄μ£Όμ„Έμ”');

INSERT INTO MEMBER (MEMBERID, MEMBERPW, NAME, NICKNAME, EMAIL, PHONENUM, GENDER, ADDRESS) VALUES ('bb', 1, 'λΉ„λΉ„', 'λΉ„λΉ„', '1@naver.com', '01012345678', 1, 'μ„μΈνΉλ³„μ‹ κ°•λ‚¨κµ¬');
INSERT INTO MEMBERPROFILE (PROFILENUM, MEMBERID, PROFILEIMG, SHORTINTRO, INTRO) VALUES ((SELECT NVL(MAX(PROFILENUM),0)+1 FROM MEMBERPROFILE), 'bb', 'bb.jfif', 'λ©νΌ', 'μ μ–΄μ£Όμ„Έμ”');		

INSERT INTO MEMBER (MEMBERID, MEMBERPW, NAME, NICKNAME, EMAIL, PHONENUM, GENDER, ADDRESS) VALUES ('min', 1, 'λ―Όμ§€', 'λ―Όμ§€', '1@naver.com', '01012345678', 1, 'μ„μΈνΉλ³„μ‹ κ°•λ‚¨κµ¬');
INSERT INTO MEMBERPROFILE (PROFILENUM, MEMBERID, PROFILEIMG, SHORTINTRO, INTRO) VALUES ((SELECT NVL(MAX(PROFILENUM),0)+1 FROM MEMBERPROFILE), 'min', 'minji.jfif', 'λ‰΄μ§„μ¤', 'μ μ–΄μ£Όμ„Έμ”');

INSERT INTO MEMBER (MEMBERID, MEMBERPW, NAME, NICKNAME, EMAIL, PHONENUM, GENDER, ADDRESS) VALUES ('kari', 1, 'μΉ΄λ¦¬λ‚', 'μΉ΄λ¦¬λ‚', '1@naver.com', '01012345678', 1, 'μ„μΈνΉλ³„μ‹ κ°•λ‚¨κµ¬');
INSERT INTO MEMBERPROFILE (PROFILENUM, MEMBERID, PROFILEIMG, SHORTINTRO, INTRO) VALUES ((SELECT NVL(MAX(PROFILENUM),0)+1 FROM MEMBERPROFILE), 'kari', 'kari.PNG', 'μ—μ¤ν', 'μ μ–΄μ£Όμ„Έμ”');

INSERT INTO MEMBER (MEMBERID, MEMBERPW, NAME, NICKNAME, EMAIL, PHONENUM, GENDER, ADDRESS) VALUES ('harien', 1, 'νλ¦°', 'νλ¦°', '1@naver.com', '01012345678', 1, 'μ„μΈνΉλ³„μ‹ κ°•λ‚¨κµ¬');
INSERT INTO MEMBERPROFILE (PROFILENUM, MEMBERID, PROFILEIMG, SHORTINTRO, INTRO) VALUES ((SELECT NVL(MAX(PROFILENUM),0)+1 FROM MEMBERPROFILE), 'harien', 'harien.PNG', 'λ‰΄μ§„μ¤', 'μ μ–΄μ£Όμ„Έμ”');

INSERT INTO MEMBER (MEMBERID, MEMBERPW, NAME, NICKNAME, EMAIL, PHONENUM, GENDER, ADDRESS) VALUES ('esu', 1, 'μ΄μ„', 'μ΄μ„', '1@naver.com', '01012345678', 1, 'μ„μΈνΉλ³„μ‹ κ°•λ‚¨κµ¬');
INSERT INTO MEMBERPROFILE (PROFILENUM, MEMBERID, PROFILEIMG, SHORTINTRO, INTRO) VALUES ((SELECT NVL(MAX(PROFILENUM),0)+1 FROM MEMBERPROFILE), 'esu', 'esu.PNG', 'μ•„μ΄λΈ', 'μ μ–΄μ£Όμ„Έμ”');

INSERT INTO MEMBER (MEMBERID, MEMBERPW, NAME, NICKNAME, EMAIL, PHONENUM, GENDER, ADDRESS) VALUES ('winter', 1, 'μν„°', 'μν„°', '1@naver.com', '01012345678', 1, 'μ„μΈνΉλ³„μ‹ κ°•λ‚¨κµ¬');
INSERT INTO MEMBERPROFILE (PROFILENUM, MEMBERID, PROFILEIMG, SHORTINTRO, INTRO) VALUES ((SELECT NVL(MAX(PROFILENUM),0)+1 FROM MEMBERPROFILE), 'winter', 'winter.PNG', 'μ—μ¤ν', 'μ μ–΄μ£Όμ„Έμ”');

INSERT INTO MEMBER (MEMBERID, MEMBERPW, NAME, NICKNAME, EMAIL, PHONENUM, GENDER, ADDRESS) VALUES ('ray', 1, 'λ μ΄', 'λ μ΄', '1@naver.com', '01012345678', 1, 'μ„μΈνΉλ³„μ‹ κ°•λ‚¨κµ¬');
INSERT INTO MEMBERPROFILE (PROFILENUM, MEMBERID, PROFILEIMG, SHORTINTRO, INTRO) VALUES ((SELECT NVL(MAX(PROFILENUM),0)+1 FROM MEMBERPROFILE), 'ray', 'ray.PNG', 'μ•„μ΄λΈ', 'μ μ–΄μ£Όμ„Έμ”');

INSERT INTO MEMBER (MEMBERID, MEMBERPW, NAME, NICKNAME, EMAIL, PHONENUM, GENDER, ADDRESS) VALUES ('chaewon', 1, 'μ±„μ›', 'μ±„μ›', '1@naver.com', '01012345678', 1, 'μ„μΈνΉλ³„μ‹ κ°•λ‚¨κµ¬');
INSERT INTO MEMBERPROFILE (PROFILENUM, MEMBERID, PROFILEIMG, SHORTINTRO, INTRO) VALUES ((SELECT NVL(MAX(PROFILENUM),0)+1 FROM MEMBERPROFILE), 'chaewon', 'chaewon.PNG', 'λ¥΄μ„ΈλΌν•', 'μ μ–΄μ£Όμ„Έμ”');

INSERT INTO MEMBER (MEMBERID, MEMBERPW, NAME, NICKNAME, EMAIL, PHONENUM, GENDER, ADDRESS) VALUES ('woogi', 1, 'μ°κΈ°', 'μ°κΈ°', '1@naver.com', '01012345678', 1, 'μ„μΈνΉλ³„μ‹ κ°•λ‚¨κµ¬');
INSERT INTO MEMBERPROFILE (PROFILENUM, MEMBERID, PROFILEIMG, SHORTINTRO, INTRO) VALUES ((SELECT NVL(MAX(PROFILENUM),0)+1 FROM MEMBERPROFILE), 'woogi', 'woogi.PNG', 'μ—¬μμ•„μ΄λ“¤', 'μ μ–΄μ£Όμ„Έμ”');

INSERT INTO MEMBER (MEMBERID, MEMBERPW, NAME, NICKNAME, EMAIL, PHONENUM, GENDER, ADDRESS) VALUES ('hani', 1, 'ν•λ‹', 'ν•λ‹', '1@naver.com', '01012345678', 1, 'μ„μΈνΉλ³„μ‹ κ°•λ‚¨κµ¬');
INSERT INTO MEMBERPROFILE (PROFILENUM, MEMBERID, PROFILEIMG, SHORTINTRO, INTRO) VALUES ((SELECT NVL(MAX(PROFILENUM),0)+1 FROM MEMBERPROFILE), 'hani', 'hani.PNG', 'λ‰΄μ§„μ¤', 'μ μ–΄μ£Όμ„Έμ”');

INSERT INTO MEMBER (MEMBERID, MEMBERPW, NAME, NICKNAME, EMAIL, PHONENUM, GENDER, ADDRESS) VALUES ('autumn', 1, 'κ°€μ„', 'κ°€μ„', '1@naver.com', '01012345678', 1, 'μ„μΈνΉλ³„μ‹ κ°•λ‚¨κµ¬');
INSERT INTO MEMBERPROFILE (PROFILENUM, MEMBERID, PROFILEIMG, SHORTINTRO, INTRO) VALUES ((SELECT NVL(MAX(PROFILENUM),0)+1 FROM MEMBERPROFILE), 'autumn', 'autumn.PNG', 'μ•„μ΄λΈ', 'μ μ–΄μ£Όμ„Έμ”');

INSERT INTO MEMBER (MEMBERID, MEMBERPW, NAME, NICKNAME, EMAIL, PHONENUM, GENDER, ADDRESS) VALUES ('miyeon', 1, 'λ―Έμ—°', 'λ―Έμ—°', '1@naver.com', '01012345678', 1, 'μ„μΈνΉλ³„μ‹ κ°•λ‚¨κµ¬');
INSERT INTO MEMBERPROFILE (PROFILENUM, MEMBERID, PROFILEIMG, SHORTINTRO, INTRO) VALUES ((SELECT NVL(MAX(PROFILENUM),0)+1 FROM MEMBERPROFILE), 'miyeon', 'miyeon.PNG', 'μ—¬μμ•„μ΄λ“¤', 'μ μ–΄μ£Όμ„Έμ”');

INSERT INTO MEMBER (MEMBERID, MEMBERPW, NAME, NICKNAME, EMAIL, PHONENUM, GENDER, ADDRESS) VALUES ('gisu', 1, 'μ§€μ', 'μ§€μ', '1@naver.com', '01012345678', 1, 'μ„μΈνΉλ³„μ‹ κ°•λ‚¨κµ¬');
INSERT INTO MEMBERPROFILE (PROFILENUM, MEMBERID, PROFILEIMG, SHORTINTRO, INTRO) VALUES ((SELECT NVL(MAX(PROFILENUM),0)+1 FROM MEMBERPROFILE), 'gisu', 'gisu.PNG', 'λΈ”λ™ν•‘ν¬', 'μ μ–΄μ£Όμ„Έμ”');

INSERT INTO MEMBER (MEMBERID, MEMBERPW, NAME, NICKNAME, EMAIL, PHONENUM, GENDER, ADDRESS) VALUES ('sulyun', 1, 'μ„¤μ¤', 'μ„¤μ¤', '1@naver.com', '01012345678', 1, 'μ„μΈνΉλ³„μ‹ κ°•λ‚¨κµ¬');
INSERT INTO MEMBERPROFILE (PROFILENUM, MEMBERID, PROFILEIMG, SHORTINTRO, INTRO) VALUES ((SELECT NVL(MAX(PROFILENUM),0)+1 FROM MEMBERPROFILE), 'sulyun', 'sulyun.PNG', 'μ—”λ―Ήμ¤', 'μ μ–΄μ£Όμ„Έμ”');

INSERT INTO MEMBER (MEMBERID, MEMBERPW, NAME, NICKNAME, EMAIL, PHONENUM, GENDER, ADDRESS) VALUES ('unknown', 1, 'μ–Έλ…Έμ΄', 'μ–Έλ…Έμ΄', '1@naver.com', '01012345678', 1, 'μ„μΈνΉλ³„μ‹ κ°•λ‚¨κµ¬');
INSERT INTO MEMBERPROFILE (PROFILENUM, MEMBERID, PROFILEIMG, SHORTINTRO, INTRO) VALUES ((SELECT NVL(MAX(PROFILENUM),0)+1 FROM MEMBERPROFILE), 'unknown', 'unknown.PNG', 'μ–Έλ…Έμ΄', 'μ μ–΄μ£Όμ„Έμ”');

INSERT INTO MEMBER (MEMBERID, MEMBERPW, NAME, NICKNAME, EMAIL, PHONENUM, GENDER, ADDRESS) VALUES ('yuna', 1, 'μ λ‚', 'μ λ‚', '1@naver.com', '01012345678', 1, 'μ„μΈνΉλ³„μ‹ κ°•λ‚¨κµ¬');
INSERT INTO MEMBERPROFILE (PROFILENUM, MEMBERID, PROFILEIMG, SHORTINTRO, INTRO) VALUES ((SELECT NVL(MAX(PROFILENUM),0)+1 FROM MEMBERPROFILE), 'yuna', 'yuna.PNG', 'μ‡μ§€', 'μ μ–΄μ£Όμ„Έμ”');

INSERT INTO MEMBER (MEMBERID, MEMBERPW, NAME, NICKNAME, EMAIL, PHONENUM, GENDER, ADDRESS) VALUES ('kazuha', 1, 'μΉ΄μ¦ν•', 'μΉ΄μ¦ν•', '1@naver.com', '01012345678', 1, 'μ„μΈνΉλ³„μ‹ κ°•λ‚¨κµ¬');
INSERT INTO MEMBERPROFILE (PROFILENUM, MEMBERID, PROFILEIMG, SHORTINTRO, INTRO) VALUES ((SELECT NVL(MAX(PROFILENUM),0)+1 FROM MEMBERPROFILE), 'kazuha', 'kazuha.PNG', 'μΉ΄μ¦ν•', 'μ μ–΄μ£Όμ„Έμ”');

INSERT INTO MEMBER (MEMBERID, MEMBERPW, NAME, NICKNAME, EMAIL, PHONENUM, GENDER, ADDRESS) VALUES ('yena', 1, 'μµμλ‚', 'μλ‚', '1@naver.com', '01012345678', 1, 'μ„μΈνΉλ³„μ‹ κ°•λ‚¨κµ¬');
INSERT INTO MEMBERPROFILE (PROFILENUM, MEMBERID, PROFILEIMG, SHORTINTRO, INTRO) VALUES ((SELECT NVL(MAX(PROFILENUM),0)+1 FROM MEMBERPROFILE), 'yena', 'yena.PNG', 'μ•„μ΄μ¦μ›', 'μ μ–΄μ£Όμ„Έμ”');

INSERT INTO MEMBER (MEMBERID, MEMBERPW, NAME, NICKNAME, EMAIL, PHONENUM, GENDER, ADDRESS) VALUES ('sakura', 1, 'μ‚¬μΏ λΌ', 'μ‚¬μΏ λΌ', '1@naver.com', '01012345678', 1, 'μ„μΈνΉλ³„μ‹ κ°•λ‚¨κµ¬');
INSERT INTO MEMBERPROFILE (PROFILENUM, MEMBERID, PROFILEIMG, SHORTINTRO, INTRO) VALUES ((SELECT NVL(MAX(PROFILENUM),0)+1 FROM MEMBERPROFILE), 'sakura', 'sakura.PNG', 'λ¥΄μ„ΈλΌν•', 'μ μ–΄μ£Όμ„Έμ”');

INSERT INTO MEMBER (MEMBERID, MEMBERPW, NAME, NICKNAME, EMAIL, PHONENUM, GENDER, ADDRESS) VALUES ('chu', 1, 'μΈ„', 'μΈ„', '1@naver.com', '01012345678', 1, 'μ„μΈνΉλ³„μ‹ κ°•λ‚¨κµ¬');
INSERT INTO MEMBERPROFILE (PROFILENUM, MEMBERID, PROFILEIMG, SHORTINTRO, INTRO) VALUES ((SELECT NVL(MAX(PROFILENUM),0)+1 FROM MEMBERPROFILE), 'chu', 'chu.PNG', 'μ΄λ‹¬μμ†λ…€', 'μ μ–΄μ£Όμ„Έμ”');

INSERT INTO MEMBER (MEMBERID, MEMBERPW, NAME, NICKNAME, EMAIL, PHONENUM, GENDER, ADDRESS) VALUES ('mizoo', 1, 'λ―Έμ£Ό', 'λ―Έμ£Ό', '1@naver.com', '01012345678', 1, 'μ„μΈνΉλ³„μ‹ κ°•λ‚¨κµ¬');
INSERT INTO MEMBERPROFILE (PROFILENUM, MEMBERID, PROFILEIMG, SHORTINTRO, INTRO) VALUES ((SELECT NVL(MAX(PROFILENUM),0)+1 FROM MEMBERPROFILE), 'mizoo', 'mizoo.PNG', 'λ¬΄ν•λ„μ „', 'μ μ–΄μ£Όμ„Έμ”');

INSERT INTO MEMBER (MEMBERID, MEMBERPW, NAME, NICKNAME, EMAIL, PHONENUM, GENDER, ADDRESS) VALUES ('gigel', 1, 'μ§€μ ¤', 'μ§€μ ¤', '1@naver.com', '01012345678', 1, 'μ„μΈνΉλ³„μ‹ κ°•λ‚¨κµ¬');
INSERT INTO MEMBERPROFILE (PROFILENUM, MEMBERID, PROFILEIMG, SHORTINTRO, INTRO) VALUES ((SELECT NVL(MAX(PROFILENUM),0)+1 FROM MEMBERPROFILE), 'gigel', 'gigel.PNG', 'μ—μ¤ν', 'μ μ–΄μ£Όμ„Έμ”');

INSERT INTO MEMBER (MEMBERID, MEMBERPW, NAME, NICKNAME, EMAIL, PHONENUM, GENDER, ADDRESS) VALUES ('hein', 1, 'νμΈ', 'νμΈ', '1@naver.com', '01012345678', 1, 'μ„μΈνΉλ³„μ‹ κ°•λ‚¨κµ¬');
INSERT INTO MEMBERPROFILE (PROFILENUM, MEMBERID, PROFILEIMG, SHORTINTRO, INTRO) VALUES ((SELECT NVL(MAX(PROFILENUM),0)+1 FROM MEMBERPROFILE), 'hein', 'hein.PNG', 'λ‰΄μ§„μ¤', 'μ μ–΄μ£Όμ„Έμ”');

INSERT INTO MEMBER (MEMBERID, MEMBERPW, NAME, NICKNAME, EMAIL, PHONENUM, GENDER, ADDRESS) VALUES ('whoareyou', 1, 'ν›„μ•„μ ', 'ν΄μ•„μ ', '1@naver.com', '01012345678', 1, 'μ„μΈνΉλ³„μ‹ κ°•λ‚¨κµ¬');
INSERT INTO MEMBERPROFILE (PROFILENUM, MEMBERID, PROFILEIMG, SHORTINTRO, INTRO) VALUES ((SELECT NVL(MAX(PROFILENUM),0)+1 FROM MEMBERPROFILE), 'whoareyou', 'whoareyou.PNG', 'λ„κµ¬μΈκ°€', 'μ μ–΄μ£Όμ„Έμ”');

INSERT INTO MEMBER (MEMBERID, MEMBERPW, NAME, NICKNAME, EMAIL, PHONENUM, GENDER, ADDRESS) VALUES ('yezi', 1, 'μμ§€', 'μμ§€', '1@naver.com', '01012345678', 1, 'μ„μΈνΉλ³„μ‹ κ°•λ‚¨κµ¬');
INSERT INTO MEMBERPROFILE (PROFILENUM, MEMBERID, PROFILEIMG, SHORTINTRO, INTRO) VALUES ((SELECT NVL(MAX(PROFILENUM),0)+1 FROM MEMBERPROFILE), 'yezi', 'yezi.PNG', 'μ‡μ§€', 'μ μ–΄μ£Όμ„Έμ”');

INSERT INTO MEMBER (MEMBERID, MEMBERPW, NAME, NICKNAME, EMAIL, PHONENUM, GENDER, ADDRESS) VALUES ('joyuri', 1, 'μ΅°μ λ¦¬', 'μ΅°μ λ¦¬', '1@naver.com', '01012345678', 1, 'μ„μΈνΉλ³„μ‹ κ°•λ‚¨κµ¬');
INSERT INTO MEMBERPROFILE (PROFILENUM, MEMBERID, PROFILEIMG, SHORTINTRO, INTRO) VALUES ((SELECT NVL(MAX(PROFILENUM),0)+1 FROM MEMBERPROFILE), 'joyuri', 'joyuri.PNG', 'μ•„μ΄μ¦μ›', 'μ μ–΄μ£Όμ„Έμ”');

INSERT INTO MEMBER (MEMBERID, MEMBERPW, NAME, NICKNAME, EMAIL, PHONENUM, GENDER, ADDRESS) VALUES ('duksun', 1, 'λ•μ„ ', 'λ•μ„ ', '1@naver.com', '01012345678', 1, 'μ„μΈνΉλ³„μ‹ κ°•λ‚¨κµ¬');
INSERT INTO MEMBERPROFILE (PROFILENUM, MEMBERID, PROFILEIMG, SHORTINTRO, INTRO) VALUES ((SELECT NVL(MAX(PROFILENUM),0)+1 FROM MEMBERPROFILE), 'duksun', 'duksun.PNG', 'μ‘λ‹µν•λΌ1988', 'μ μ–΄μ£Όμ„Έμ”');

INSERT INTO MEMBER (MEMBERID, MEMBERPW, NAME, NICKNAME, EMAIL, PHONENUM, GENDER, ADDRESS) VALUES ('daniel', 1, 'λ‹¤λ‹μ—', 'λ‹¤λ‹μ—', '1@naver.com', '01012345678', 1, 'μ„μΈνΉλ³„μ‹ κ°•λ‚¨κµ¬');
INSERT INTO MEMBERPROFILE (PROFILENUM, MEMBERID, PROFILEIMG, SHORTINTRO, INTRO) VALUES ((SELECT NVL(MAX(PROFILENUM),0)+1 FROM MEMBERPROFILE), 'daniel', 'daniel.PNG', 'λ‰΄μ§„μ¤', 'μ μ–΄μ£Όμ„Έμ”');

INSERT INTO MEMBER (MEMBERID, MEMBERPW, NAME, NICKNAME, EMAIL, PHONENUM, GENDER, ADDRESS) VALUES ('namza1', 1, 'λ„λ΅', 'λ„λ΅', '1@naver.com', '01012345678', 1, 'μ„μΈνΉλ³„μ‹ κ°•λ‚¨κµ¬');
INSERT INTO MEMBERPROFILE (PROFILENUM, MEMBERID, PROFILEIMG, SHORTINTRO, INTRO) VALUES ((SELECT NVL(MAX(PROFILENUM),0)+1 FROM MEMBERPROFILE), 'namza1', 'namza1.PNG', 'μΈμƒλ¬΄μƒ', 'μ μ–΄μ£Όμ„Έμ”');

INSERT INTO MEMBER (MEMBERID, MEMBERPW, NAME, NICKNAME, EMAIL, PHONENUM, GENDER, ADDRESS) VALUES ('namza2', 1, 'μ΄λ§λ…„', 'μ΄λ§λ…„', '1@naver.com', '01012345678', 1, 'μ„μΈνΉλ³„μ‹ κ°•λ‚¨κµ¬');
INSERT INTO MEMBERPROFILE (PROFILENUM, MEMBERID, PROFILEIMG, SHORTINTRO, INTRO) VALUES ((SELECT NVL(MAX(PROFILENUM),0)+1 FROM MEMBERPROFILE), 'namza2', 'namza2.PNG', 'μ›Ήν°μ‘κ°€', 'μ μ–΄μ£Όμ„Έμ”');

INSERT INTO MEMBER (MEMBERID, MEMBERPW, NAME, NICKNAME, EMAIL, PHONENUM, GENDER, ADDRESS) VALUES ('namza3', 1, 'μ΄λ‚¨μ', 'μ΄λ‚¨μ', '1@naver.com', '01012345678', 1, 'μ„μΈνΉλ³„μ‹ κ°•λ‚¨κµ¬');
INSERT INTO MEMBERPROFILE (PROFILENUM, MEMBERID, PROFILEIMG, SHORTINTRO, INTRO) VALUES ((SELECT NVL(MAX(PROFILENUM),0)+1 FROM MEMBERPROFILE), 'namza3', 'namza3.PNG', 'ν”„λ΅κ²μ΄', 'μ μ–΄μ£Όμ„Έμ”');

INSERT INTO MEMBER (MEMBERID, MEMBERPW, NAME, NICKNAME, EMAIL, PHONENUM, GENDER, ADDRESS) VALUES ('namza4', 1, 'κΉ€λ‚¨μ', 'κΉ€λ‚¨μ', '1@naver.com', '01012345678', 1, 'μ„μΈνΉλ³„μ‹ κ°•λ‚¨κµ¬');
INSERT INTO MEMBERPROFILE (PROFILENUM, MEMBERID, PROFILEIMG, SHORTINTRO, INTRO) VALUES ((SELECT NVL(MAX(PROFILENUM),0)+1 FROM MEMBERPROFILE), 'namza4', 'namza4.PNG', 'μ €κ²©λ¬', 'μ μ–΄μ£Όμ„Έμ”');

INSERT INTO MEMBER (MEMBERID, MEMBERPW, NAME, NICKNAME, EMAIL, PHONENUM, GENDER, ADDRESS) VALUES ('namza5', 1, 'κΉ€λμ›', 'κΉ€λμ›', '1@naver.com', '01012345678', 1, 'μ„μΈνΉλ³„μ‹ κ°•λ‚¨κµ¬');
INSERT INTO MEMBERPROFILE (PROFILENUM, MEMBERID, PROFILEIMG, SHORTINTRO, INTRO) VALUES ((SELECT NVL(MAX(PROFILENUM),0)+1 FROM MEMBERPROFILE), 'namza5', 'namza5.PNG', 'κ²μ„λΉ„μ μ΄', 'μ μ–΄μ£Όμ„Έμ”');

INSERT INTO MEMBER (MEMBERID, MEMBERPW, NAME, NICKNAME, EMAIL, PHONENUM, GENDER, ADDRESS) VALUES ('namza6', 1, 'ν•λ‚¨μ', 'ν•λ‚¨μ', '1@naver.com', '01012345678', 1, 'μ„μΈνΉλ³„μ‹ κ°•λ‚¨κµ¬');
INSERT INTO MEMBERPROFILE (PROFILENUM, MEMBERID, PROFILEIMG, SHORTINTRO, INTRO) VALUES ((SELECT NVL(MAX(PROFILENUM),0)+1 FROM MEMBERPROFILE), 'namza6', 'namza6.PNG', 'ν”Όμ•„λ…Έλ‚λ½', 'μ μ–΄μ£Όμ„Έμ”');

INSERT INTO MEMBER (MEMBERID, MEMBERPW, NAME, NICKNAME, EMAIL, PHONENUM, GENDER, ADDRESS) VALUES ('namza7', 1, 'κ΄΄λ¬Όμ¥', 'κ΄΄λ¬Όμ¥', '1@naver.com', '01012345678', 1, 'μ„μΈνΉλ³„μ‹ κ°•λ‚¨κµ¬');
INSERT INTO MEMBERPROFILE (PROFILENUM, MEMBERID, PROFILEIMG, SHORTINTRO, INTRO) VALUES ((SELECT NVL(MAX(PROFILENUM),0)+1 FROM MEMBERPROFILE), 'namza7', 'namza7.PNG', 'λ΅¤λΉ„μ μ΄', 'μ μ–΄μ£Όμ„Έμ”');

INSERT INTO MEMBER (MEMBERID, MEMBERPW, NAME, NICKNAME, EMAIL, PHONENUM, GENDER, ADDRESS) VALUES ('namza8', 1, 'μ‚¬λ‚¨μ', 'μ‚¬λ‚¨μ', '1@naver.com', '01012345678', 1, 'μ„μΈνΉλ³„μ‹ κ°•λ‚¨κµ¬');
INSERT INTO MEMBERPROFILE (PROFILENUM, MEMBERID, PROFILEIMG, SHORTINTRO, INTRO) VALUES ((SELECT NVL(MAX(PROFILENUM),0)+1 FROM MEMBERPROFILE), 'namza8', 'namza8.PNG', 'λ…κ³ λ‹¤μ΄', 'μ μ–΄μ£Όμ„Έμ”');

INSERT INTO MEMBER (MEMBERID, MEMBERPW, NAME, NICKNAME, EMAIL, PHONENUM, GENDER, ADDRESS) VALUES ('namza9', 1, 'κ°•λ‚¨μ', 'κ°•λ‚¨μ', '1@naver.com', '01012345678', 1, 'μ„μΈνΉλ³„μ‹ κ°•λ‚¨κµ¬');
INSERT INTO MEMBERPROFILE (PROFILENUM, MEMBERID, PROFILEIMG, SHORTINTRO, INTRO) VALUES ((SELECT NVL(MAX(PROFILENUM),0)+1 FROM MEMBERPROFILE), 'namza9', 'namza9.PNG', 'κ°•ν•λ‚¨μ', 'μ μ–΄μ£Όμ„Έμ”');

INSERT INTO MEMBER (MEMBERID, MEMBERPW, NAME, NICKNAME, EMAIL, PHONENUM, GENDER, ADDRESS) VALUES ('namza10', 1, 'μ£Όλ‚¨μ', 'μ£Όλ‚¨μ', '1@naver.com', '01012345678', 1, 'μ„μΈνΉλ³„μ‹ κ°•λ‚¨κµ¬');
INSERT INTO MEMBERPROFILE (PROFILENUM, MEMBERID, PROFILEIMG, SHORTINTRO, INTRO) VALUES ((SELECT NVL(MAX(PROFILENUM),0)+1 FROM MEMBERPROFILE), 'namza10', 'namza10.PNG', 'μ£Όν•λ―Έκµ°', 'μ μ–΄μ£Όμ„Έμ”');

INSERT INTO MEMBER (MEMBERID, MEMBERPW, NAME, NICKNAME, EMAIL, PHONENUM, GENDER, ADDRESS) VALUES ('namza11', 1, 'μ½”λ±μ‰', 'μ½”λ±μ‰', '1@naver.com', '01012345678', 1, 'μ„μΈνΉλ³„μ‹ κ°•λ‚¨κµ¬');
INSERT INTO MEMBERPROFILE (PROFILENUM, MEMBERID, PROFILEIMG, SHORTINTRO, INTRO) VALUES ((SELECT NVL(MAX(PROFILENUM),0)+1 FROM MEMBERPROFILE), 'namza11', 'namza11.PNG', 'κ²©ν¬κΈ°μ„ μ', 'μ μ–΄μ£Όμ„Έμ”');

INSERT INTO MEMBER (MEMBERID, MEMBERPW, NAME, NICKNAME, EMAIL, PHONENUM, GENDER, ADDRESS) VALUES ('namza12', 1, 'μΆ…λ‚¨μ', 'μΆ…λ‚¨μ', '1@naver.com', '01012345678', 1, 'μ„μΈνΉλ³„μ‹ κ°•λ‚¨κµ¬');
INSERT INTO MEMBERPROFILE (PROFILENUM, MEMBERID, PROFILEIMG, SHORTINTRO, INTRO) VALUES ((SELECT NVL(MAX(PROFILENUM),0)+1 FROM MEMBERPROFILE), 'namza12', 'namza12.PNG', 'μΆ…ν•©μ„ λ¬Όμ„ΈνΈ', 'μ μ–΄μ£Όμ„Έμ”');

INSERT INTO MEMBER (MEMBERID, MEMBERPW, NAME, NICKNAME, EMAIL, PHONENUM, GENDER, ADDRESS) VALUES ('namza13', 1, 'μ•„λμΈ', 'μ•„λμΈ', '1@naver.com', '01012345678', 1, 'μ„μΈνΉλ³„μ‹ κ°•λ‚¨κµ¬');
INSERT INTO MEMBERPROFILE (PROFILENUM, MEMBERID, PROFILEIMG, SHORTINTRO, INTRO) VALUES ((SELECT NVL(MAX(PROFILENUM),0)+1 FROM MEMBERPROFILE), 'namza13', 'namza13.PNG', 'μ•„λμ™•μ', 'μ μ–΄μ£Όμ„Έμ”');

INSERT INTO MEMBER (MEMBERID, MEMBERPW, NAME, NICKNAME, EMAIL, PHONENUM, GENDER, ADDRESS) VALUES ('namza14', 1, 'μ£ΌνΈλ―Ό', 'μ£ΌνΈλ―Ό', '1@naver.com', '01012345678', 1, 'μ„μΈνΉλ³„μ‹ κ°•λ‚¨κµ¬');
INSERT INTO MEMBERPROFILE (PROFILENUM, MEMBERID, PROFILEIMG, SHORTINTRO, INTRO) VALUES ((SELECT NVL(MAX(PROFILENUM),0)+1 FROM MEMBERPROFILE), 'namza14', 'namza14.PNG', 'μ•„λ“¤λ¶€μ', 'μ μ–΄μ£Όμ„Έμ”');

INSERT INTO MEMBER (MEMBERID, MEMBERPW, NAME, NICKNAME, EMAIL, PHONENUM, GENDER, ADDRESS) VALUES ('namza15', 1, 'μΉ λ‚¨μ', 'μΉ λ‚¨μ', '1@naver.com', '01012345678', 1, 'μ„μΈνΉλ³„μ‹ κ°•λ‚¨κµ¬');
INSERT INTO MEMBERPROFILE (PROFILENUM, MEMBERID, PROFILEIMG, SHORTINTRO, INTRO) VALUES ((SELECT NVL(MAX(PROFILENUM),0)+1 FROM MEMBERPROFILE), 'namza15', 'namza15.PNG', 'μΉ κ³µμ£Όν', 'μ μ–΄μ£Όμ„Έμ”');

INSERT INTO MEMBER (MEMBERID, MEMBERPW, NAME, NICKNAME, EMAIL, PHONENUM, GENDER, ADDRESS) VALUES ('namza16', 1, 'νΈλ‚¨μ', 'νΈλ‚¨μ', '1@naver.com', '01012345678', 1, 'μ„μΈνΉλ³„μ‹ κ°•λ‚¨κµ¬');
INSERT INTO MEMBERPROFILE (PROFILENUM, MEMBERID, PROFILEIMG, SHORTINTRO, INTRO) VALUES ((SELECT NVL(MAX(PROFILENUM),0)+1 FROM MEMBERPROFILE), 'namza16', 'namza16.PNG', 'νΈνΈν•ν•', 'μ μ–΄μ£Όμ„Έμ”');

INSERT INTO MEMBER (MEMBERID, MEMBERPW, NAME, NICKNAME, EMAIL, PHONENUM, GENDER, ADDRESS) VALUES ('namza17', 1, 'κ³µνμ¤€', 'κ³µνμ¤€', '1@naver.com', '01012345678', 1, 'μ„μΈνΉλ³„μ‹ κ°•λ‚¨κµ¬');
INSERT INTO MEMBERPROFILE (PROFILENUM, MEMBERID, PROFILEIMG, SHORTINTRO, INTRO) VALUES ((SELECT NVL(MAX(PROFILENUM),0)+1 FROM MEMBERPROFILE), 'namza17', 'namza17.PNG', 'νμ¤€μƒ', 'μ μ–΄μ£Όμ„Έμ”');

INSERT INTO MEMBER (MEMBERID, MEMBERPW, NAME, NICKNAME, EMAIL, PHONENUM, GENDER, ADDRESS) VALUES ('namza18', 1, 'κµ¬λ‚¨μ', 'κµ¬λ‚¨μ', '1@naver.com', '01012345678', 1, 'μ„μΈνΉλ³„μ‹ κ°•λ‚¨κµ¬');
INSERT INTO MEMBERPROFILE (PROFILENUM, MEMBERID, PROFILEIMG, SHORTINTRO, INTRO) VALUES ((SELECT NVL(MAX(PROFILENUM),0)+1 FROM MEMBERPROFILE), 'namza18', 'namza18.PNG', 'κµ¬λ‚¨λ§¤', 'μ μ–΄μ£Όμ„Έμ”');

INSERT INTO MEMBER (MEMBERID, MEMBERPW, NAME, NICKNAME, EMAIL, PHONENUM, GENDER, ADDRESS) VALUES ('namza19', 1, 'ν•΄λ‚¨μ', 'ν•΄λ‚¨μ', '1@naver.com', '01012345678', 1, 'μ„μΈνΉλ³„μ‹ κ°•λ‚¨κµ¬');
INSERT INTO MEMBERPROFILE (PROFILENUM, MEMBERID, PROFILEIMG, SHORTINTRO, INTRO) VALUES ((SELECT NVL(MAX(PROFILENUM),0)+1 FROM MEMBERPROFILE), 'namza19', 'namza19.PNG', 'λ¨Ήλ°©μ νλ²„', 'μ μ–΄μ£Όμ„Έμ”');

INSERT INTO MEMBER (MEMBERID, MEMBERPW, NAME, NICKNAME, EMAIL, PHONENUM, GENDER, ADDRESS) VALUES ('namza20', 1, 'λ‹¬λ‚¨μ', 'λ‹¬λ‚¨μ', '1@naver.com', '01012345678', 1, 'μ„μΈνΉλ³„μ‹ κ°•λ‚¨κµ¬');
INSERT INTO MEMBERPROFILE (PROFILENUM, MEMBERID, PROFILEIMG, SHORTINTRO, INTRO) VALUES ((SELECT NVL(MAX(PROFILENUM),0)+1 FROM MEMBERPROFILE), 'namza20', 'namza20.PNG', 'λ‹¬λ§μ¤λ‹', 'μ μ–΄μ£Όμ„Έμ”');

INSERT INTO MEMBER (MEMBERID, MEMBERPW, NAME, NICKNAME, EMAIL, PHONENUM, GENDER, ADDRESS) VALUES ('test1', 1, 'λ°?λ£¨', 'μ–΄μ©λΌκ³ ', 'sample1@sample.sample', '01012345678', 1, 'μ„μΈνΉλ³„μ‹ κ°•λ‚¨κµ¬');
INSERT INTO MEMBERPROFILE (PROFILENUM, MEMBERID, PROFILEIMG, SHORTINTRO, INTRO) VALUES ((SELECT NVL(MAX(PROFILENUM),0)+1 FROM MEMBERPROFILE), 'test1', NULL, NULL, NULL);

INSERT INTO MEMBER (MEMBERID, MEMBERPW, NAME, NICKNAME, EMAIL, PHONENUM, GENDER, ADDRESS) VALUES ('test2', 1, 'μ•', 'μ•ν• κ±°μ„', 'sample2@sample.sample', '01012345678', 1, 'μ„μΈνΉλ³„μ‹ κ°•λ‚¨κµ¬');
INSERT INTO MEMBERPROFILE (PROFILENUM, MEMBERID, PROFILEIMG, SHORTINTRO, INTRO) VALUES ((SELECT NVL(MAX(PROFILENUM),0)+1 FROM MEMBERPROFILE), 'test2', NULL, NULL, NULL);

INSERT INTO MEMBER (MEMBERID, MEMBERPW, NAME, NICKNAME, EMAIL, PHONENUM, GENDER, ADDRESS) VALUES ('test3', 1, 'μ•μ„¤', 'μ•μ„¤μ©κ³„μ •', 'sample3@sample.sample', '01012345678', 1, 'μ„μΈνΉλ³„μ‹ κ°•λ‚¨κµ¬');
INSERT INTO MEMBERPROFILE (PROFILENUM, MEMBERID, PROFILEIMG, SHORTINTRO, INTRO) VALUES ((SELECT NVL(MAX(PROFILENUM),0)+1 FROM MEMBERPROFILE), 'test3', NULL, NULL, NULL);

INSERT INTO MEMBER (MEMBERID, MEMBERPW, NAME, NICKNAME, EMAIL, PHONENUM, GENDER, ADDRESS) VALUES ('test4', 1, 'λ°?λ£¨', 'μ–΄μ©λΌκ³ ', 'sample4@sample.sample', '01012345678', 1, 'μ„μΈνΉλ³„μ‹ κ°•λ‚¨κµ¬');
INSERT INTO MEMBERPROFILE (PROFILENUM, MEMBERID, PROFILEIMG, SHORTINTRO, INTRO, PROHIBITCNT) VALUES ((SELECT NVL(MAX(PROFILENUM),0)+1 FROM MEMBERPROFILE), 'test4', NULL, 'κΌ¬μ°μ‹ κ°€μ”? μ–΄μ©λΌκ³ μ”', 'λ‚΄ μ• λ°” μ•„λ‹', 3);

INSERT INTO MEMBER (MEMBERID, MEMBERPW, NAME, NICKNAME, EMAIL, PHONENUM, GENDER, ADDRESS) VALUES ('test5', 1, 'μ•', 'μ•ν• κ±°μ„2', 'sample5@sample.sample', '01012345678', 1, 'μ„μΈνΉλ³„μ‹ κ°•λ‚¨κµ¬');
INSERT INTO MEMBERPROFILE (PROFILENUM, MEMBERID, PROFILEIMG, SHORTINTRO, INTRO, PROHIBITCNT) VALUES ((SELECT NVL(MAX(PROFILENUM),0)+1 FROM MEMBERPROFILE), 'test5', NULL, 'λ‹κ°€ μ΄λ™ν•λ‹¤κ³  λκ² λƒγ…‹γ…‹γ…‹', '???', 3);

INSERT INTO MEMBER (MEMBERID, MEMBERPW, NAME, NICKNAME, EMAIL, PHONENUM, GENDER, ADDRESS) VALUES ('test6', 1, 'μ•μ„¤', 'μ•μ„¤μ©κ³„μ •2', 'sample6@sample.sample', '01012345678', 1, 'μ„μΈνΉλ³„μ‹ κ°•λ‚¨κµ¬');
INSERT INTO MEMBERPROFILE (PROFILENUM, MEMBERID, PROFILEIMG, SHORTINTRO, INTRO, PROHIBITCNT) VALUES ((SELECT NVL(MAX(PROFILENUM),0)+1 FROM MEMBERPROFILE), 'test6', NULL, 'μ•”νΌ μ•μ„ γ…‡γ…‡', 'λ°λΌ~', 3);

INSERT INTO MEMBER (MEMBERID, MEMBERPW, NAME, NICKNAME, EMAIL, PHONENUM, GENDER, ADDRESS, ROLE) VALUES ('kangadmin', 1, 'κ°•μΉμ°¬', 'κ°•μΉμ°¬κ΄€λ¦¬μ', '68002575@naver.com', '01012345678', 1, 'μ„μΈνΉλ³„μ‹ κ°•λ‚¨κµ¬', 2);		
INSERT INTO MEMBER (MEMBERID, MEMBERPW, NAME, NICKNAME, EMAIL, PHONENUM, GENDER, ADDRESS, ROLE) VALUES ('wanadmin', 1, 'κ°•λ‘μ™„', 'κ°•λ‘μ™„κ΄€λ¦¬μ', '68002575@naver.com', '01012345678', 1, 'μ„μΈνΉλ³„μ‹ κ°•λ‚¨κµ¬', 2);		
INSERT INTO MEMBER (MEMBERID, MEMBERPW, NAME, NICKNAME, EMAIL, PHONENUM, GENDER, ADDRESS, ROLE) VALUES ('kimadmin', 1, 'κΉ€μ„ν•', 'κΉ€μ„ν•κ΄€λ¦¬μ', '68002575@naver.com', '01012345678', 1, 'μ„μΈνΉλ³„μ‹ κ°•λ‚¨κµ¬', 2);		
INSERT INTO MEMBER (MEMBERID, MEMBERPW, NAME, NICKNAME, EMAIL, PHONENUM, GENDER, ADDRESS, ROLE) VALUES ('ryuadmin', 1, 'λ¥μ¤€νƒ', 'λ¥μ¤€νƒκ΄€λ¦¬μ', '68002575@naver.com', '01012345678', 1, 'μ„μΈνΉλ³„μ‹ κ°•λ‚¨κµ¬', 2);		
INSERT INTO MEMBER (MEMBERID, MEMBERPW, NAME, NICKNAME, EMAIL, PHONENUM, GENDER, ADDRESS, ROLE) VALUES ('leeadmin', 1, 'μ΄μ„±λ¨', 'μ΄μ„±λ¨κ΄€λ¦¬μ', '68002575@naver.com', '01012345678', 1, 'μ„μΈνΉλ³„μ‹ κ°•λ‚¨κµ¬', 2);		


INSERT INTO BOARD (BOARDNUM, TITLE, CONTENT, MEMBERID, CATEGORY, BOARDIMG, VIEWCNT, BOARDDATE)
VALUES (
    (SELECT NVL(MAX(BOARDNUM), 9999) + 1 FROM BOARD),
    'ν•λ£¨λ§μ— μ–΄κΉ¨ κΉ΅ν¨ λλ” μ΄λ™',
    'λ¤λ²¨ μ„λ” ν”„λ μ¤ 1. ν—λ¦¬λ¥Ό κ³§κ² ν΄κ³  λ²¤μΉμ— μ•‰λ”λ‹¤. 2. λ²„ν„°ν”λΌμ΄ μμ„Έμ™€ κ°™μ΄ ν”μ„ μ–‘ μ†μΌλ΅ λ²λ¦¬κ³  ν”κΏμΉλ” 90λ„κ°€ λλ„λ΅ λ¤λ²¨μ„ λ“ λ‹¤. 3. λ¤λ²¨μ„ μ •μλ¦¬ μ„μ½μΌλ΅ λ¨μΌλ©΄μ„ ν”μ„ νΈλ‹¤ 4. μ²μ²ν 2λ² μμ„Έλ΅ λμ•„μ¨λ‹¤. EXERCISE. μ–΄κΉ¨ μ „μ²΄.' ||
    CHR(10) || CHR(10) || 'λ¤λ²¨ ν”„λ°νΈ λ μ΄μ¦ 1. λ°μ„ μ–΄κΉ¨ λ„λΉ„λ΅ λ²λ¦¬κ³  μ†λ“±μ΄ μ•μ„ λ³΄λ„λ΅ λ¤λ²¨μ„ λ“ λ‹¤. 2. λ¤λ²¨μ€ ν—λ²…μ§€ μ•μ— μ„μΉμ‹ν‚¨λ‹¤. 3. ν”μ„ μ­‰ νΈ μƒνƒμ—μ„ μ–΄κΉ¨ λ†’μ΄κΉμ§€ λ¤λ²¨μ„ λ“¤μ–΄μ¬λ¦°λ‹¤. 4. μ²μ²ν 2λ² μμ„Έλ΅ λμ•„μ¨λ‹¤. EXERCISE. μ „λ©΄ μ‚Όκ°κ·Ό.' ||
    CHR(10) || CHR(10) || 'λ¤λ²¨ μ‚¬μ΄λ“ λν„°λ΄ λ μ΄μ¦ 1. λ°μ„ μ–΄κΉ¨ λ„λΉ„λ΅ λ²λ¦¬κ³  μ†λ“±μ΄ μ†μ„ λ³΄λ„λ΅ λ¤λ²¨μ„ λ“ λ‹¤. 2. λ¤λ²¨μ€ λ°”μ§€ μ† λΌμΈμ— μ„μΉμ‹ν‚¨λ‹¤. 3. ν”μ„ μ•½κ°„λ§ κµ½ν μƒνƒμ—μ„ μ–΄κΉ¨ λ†’μ΄κΉμ§€ λ¤λ²¨μ„ λ“¤μ–΄μ¬λ¦°λ‹¤. 4. μ²μ²ν 2λ² μμ„Έλ΅ λμ•„μ¨λ‹¤. EXERCISE. μΈ΅λ©΄ μ‚Όκ°κ·Ό.' ||
    CHR(10) || CHR(10) || 'λ¤λ²¨ λ²¤νΈ μ¤λ²„ λ μ΄μ¦ 1. λ°μ„ μ–΄κΉ¨ λ„λΉ„λ΅ λ²λ¦¬κ³  ν—λ¦¬λ¥Ό 90λ„ μ •λ„λ΅ μ™μΈλ‹¤. 2. μ–‘μ†μ€ λ¨μ•„μ„ λ¬΄λ¦ μ•„λμ½μ— μ„μΉμ‹ν‚¨λ‹¤. 3. ν”μ„ μ•½κ°„λ§ κµ½ν μƒνƒμ—μ„ λ¤λ²¨μ„ μ–΄κΉ¨ λ†’μ΄κΉμ§€ λ“¤μ–΄μ¬λ¦°λ‹¤. 4. μ²μ²ν 2λ² μμ„Έλ΅ λμ•„μ¨λ‹¤. EXERCISE. ν›„λ©΄ μ‚Όκ°κ·Ό.' ||
    CHR(10) || CHR(10) || '+ κ° μ΄λ™μ€ 15νμ”© 5μ„ΈνΈλ¥Ό μ‹¤μ‹ν•λ‹¤. λ¤λ²¨μ λ¬΄κ²λ” ν• λ²μ— 15νλ¥Ό κ²¨μ° ν•  μ μμ„ μ •λ„λ΅ μ„ νƒν•λ‹¤. λ‹¨, μ§‘μ—μ„ μ΄λ™μ„ ν•κ³  μ‹¶μ€λ° λ¤λ²¨μ΄ μ—†λ‹¤λ©΄ λ¬Όλ³‘μ„ μ΄μ©ν•΄λ„ λλ‹¤.',
    'kim', 1, 'shoulder1.gif', 130, SYSTIMESTAMP
);

INSERT INTO BOARD (BOARDNUM, TITLE, CONTENT, MEMBERID, CATEGORY, BOARDIMG, VIEWCNT, BOARDDATE)
VALUES (
    (SELECT NVL(MAX(BOARDNUM), 9999) + 1 FROM BOARD),
    'ν•λ£¨λ§μ— κ·Όμ΅ κ°•ν™”! μ‹ μ²΄λ³€ν™”λ¥Ό κ²½ν—ν•μ„Έμ”!',
    'κ·Όμ΅μ„ κ°•ν™”ν•κ³  λΈλ§¤λ¥Ό λ½λ‚΄κ³  μ‹¶λ‹¤λ©΄ λ‹¤μ μ΄λ™ λ£¨ν‹΄μ„ λ”°λΌν•μ„Έμ”. μ΄ μ΄λ™μ€ κ·Όμ΅μ„ λ°λ‹¬μ‹ν‚¤κ³  λΈμ μ‹ μ²΄μ μΈ λ³€ν™”λ¥Ό κ²½ν—ν•  μ μλ” μ΄λ™μ…λ‹λ‹¤.' ||
    CHR(10) || CHR(10) || '1. λ²¤μΉ ν”„λ μ¤: κ°€μ΄κ·Όμ΅μ„ νƒ„νƒ„ν•κ² λ§λ“¤μ–΄μ¤λ‹λ‹¤.' ||
    CHR(10) || '2. λ κ·Έ ν”„λ μ¤: λ‹¤λ¦¬ κ·Όμ΅μ„ κ°•ν™”ν•©λ‹λ‹¤.' ||
    CHR(10) || '3. λ°λ“λ¦¬ν”„νΈ: λ“±κ³Ό ν•μ²΄ κ·Όμ΅μ„ λ™μ‹μ— κ°•ν™”ν•©λ‹λ‹¤.' ||
    CHR(10) || '4. ν’€μ—…: μƒμ²΄ κ·Όμ΅μ„ λ°λ‹¬μ‹ν‚¤λ” ν¨κ³Όμ μΈ μ΄λ™μ…λ‹λ‹¤.' ||
    CHR(10) || CHR(10) || 'κ° μ΄λ™μ€ 3-4 μ„ΈνΈλ¥Ό μν–‰ν•κ³ , μ„ΈνΈ κ°„ ν΄μ‹μ€ 1-2λ¶„μ„ κ¶μ¥ν•©λ‹λ‹¤. λ¬΄λ¦¬ν•μ§€ λ§κ³  μ΅°μ  κ°€λ¥ν• λ¬΄κ²λ΅ μ‹μ‘ν•μ„Έμ”.',
    'chaewon', 1, 'null', 210, SYSTIMESTAMP
);

INSERT INTO BOARD (BOARDNUM, TITLE, CONTENT, MEMBERID, CATEGORY, BOARDIMG, VIEWCNT, BOARDDATE)
VALUES (
    (SELECT NVL(MAX(BOARDNUM), 9999) + 1 FROM BOARD),
    'ν—¬μ¤ μ΄λ³΄μλ¥Ό μ„ν• μ΄λ™ ν',
    'ν—¬μ¤μ¥μ— μ²μ κ°€λ³΄λ” μ΄λ³΄μλ¥Ό μ„ν• μ΄λ™ νμ„ μ•λ ¤λ“λ¦½λ‹λ‹¤. ν—¬μ¤λ¥Ό μ‹μ‘ν•λ”λ° λ„μ›€μ΄ λλ” λ‡ κ°€μ§€ μ΅°μ–Έμ„ ν™•μΈν•΄λ³΄μ„Έμ”.' ||
    CHR(10) || CHR(10) || '1. λ©ν‘ μ„¤μ •: λ©ν‘λ¥Ό μ„¤μ •ν•κ³  κ³„νμ„ μ„Έμ°μ„Έμ”.' ||
    CHR(10) || '2. μ¬λ°”λ¥Έ μμ„Έ: μ΄λ™ μμ„Έλ¥Ό μ¬λ°”λ¥΄κ² μ μ§€ν•μ„Έμ”.' ||
    CHR(10) || '3. μ¤νΈλ μΉ­: μ΄λ™ μ „ ν›„μ— μ¤νΈλ μΉ­μ„ λ°λ“μ‹ ν•΄μ£Όμ„Έμ”.' ||
    CHR(10) || '4. κΎΈμ¤€ν•¨: κΎΈμ¤€ν• μ΄λ™μ΄ μ„±κ³µμ ν•µμ‹¬μ…λ‹λ‹¤.' ||
    CHR(10) || CHR(10) || 'μ΄λ¬ν• νμ„ λ”°λ¥΄λ©΄ κ±΄κ°•ν•κ³  ν¨κ³Όμ μΈ ν—¬μ¤ μ΄λ™μ„ ν•  μ μμµλ‹λ‹¤. ν—¬μ¤λ¥Ό μ‹μ‘ν•λ” λ¨λ“  λ¶„λ“¤μ—κ² ν–‰μ΄μ„ λΉ•λ‹λ‹¤!',
    'esu', 1, 'null', 175, SYSTIMESTAMP
);

INSERT INTO BOARD (BOARDNUM, TITLE, CONTENT, MEMBERID, CATEGORY, BOARDIMG, VIEWCNT, BOARDDATE)
VALUES (
    (SELECT NVL(MAX(BOARDNUM), 9999) + 1 FROM BOARD),
    'λ‹¤μ΄μ–΄νΈλ¥Ό μ„ν• μ‹μ‚¬ κ³„ν',
    'λ‹¤μ΄μ–΄νΈλ¥Ό μ„ν•΄ κ±΄κ°•ν• μ‹μ‚¬ κ³„νμ„ μ„Έμ°λ” λ°©λ²•μ— λ€ν•΄ μ•λ ¤λ“λ¦½λ‹λ‹¤. λ‹¤μ μ΅°μ–Έμ„ λ”°λΌμ„ κ±΄κ°•ν•κ² λ‹¤μ΄μ–΄νΈλ¥Ό μ‹μ‘ν•΄λ³΄μ„Έμ”.' ||
    CHR(10) || CHR(10) || '1. κ· ν• μ΅ν μ‹μ‚¬: νƒ„μν™”λ¬Ό, λ‹¨λ°±μ§, μ§€λ°© λ“±μ„ κ· ν• μκ² μ„­μ·¨ν•μ„Έμ”.' ||
    CHR(10) || '2. κ°„μ‹ ν†µμ : κ³Όμμ™€ μλ£μλ¥Ό μµμ†ν™”ν•κ³  κ±΄κ°•ν• κ°„μ‹μ„ μ„ νƒν•μ„Έμ”.' ||
    CHR(10) || '3. λ¬Ό μ„­μ·¨: λ¬Όμ„ μ¶©λ¶„ν λ§μ…” μλ¶„μ„ μ μ§€ν•μ„Έμ”.' ||
    CHR(10) || '4. μ‹μ‚¬ μ£ΌκΈ°: μ‘μ€ μ‹μ‚¬λ¥Ό μ—¬λ¬ λ² λ¨Ήλ” κ²ƒμ΄ λ„μ›€μ΄ λ©λ‹λ‹¤.' ||
    CHR(10) || CHR(10) || 'λ‹¤μ΄μ–΄νΈλ” λ¬΄λ¦¬ν•μ§€ λ§κ³  μ²μ²ν μ§„ν–‰ν•μ„Έμ”. κ±΄κ°•ν• μ‹μµκ΄€μ„ λ§λ“¤λ©΄ λ©ν‘λ¥Ό λ‹¬μ„±ν•  μ μμ„ κ²ƒμ…λ‹λ‹¤.',
    'harien', 1, 'null', 192, SYSTIMESTAMP
);


INSERT INTO BOARD (BOARDNUM, TITLE, CONTENT, MEMBERID, CATEGORY, BOARDIMG, VIEWCNT, BOARDDATE)
VALUES (
    (SELECT NVL(MAX(BOARDNUM), 9999) + 1 FROM BOARD),
    'μ¤νΈλ μΉ­μ μ¤‘μ”μ„±κ³Ό ν¨κ³Όμ μΈ μ¤νΈλ μΉ­ λ°©λ²•',
    'μ΄λ™ μ „κ³Ό ν›„μ— μ¤νΈλ μΉ­μ€ ν•„μμ…λ‹λ‹¤. μ¤νΈλ μΉ­μ μ¤‘μ”μ„±κ³Ό λ‡ κ°€μ§€ ν¨κ³Όμ μΈ μ¤νΈλ μΉ­ λ°©λ²•μ„ μ†κ°ν•©λ‹λ‹¤. κ±΄κ°•ν• λΈμ„ μ„ν•΄ μ§€κΈλ¶€ν„° μ¤νΈλ μΉ­μ„ μ‹μ‘ν•΄λ³΄μ„Έμ”.',
    'kari', 1, 'null', 120, SYSTIMESTAMP
);


INSERT INTO BOARD (BOARDNUM, TITLE, CONTENT, MEMBERID, CATEGORY, BOARDIMG, VIEWCNT, BOARDDATE)
VALUES (
    (SELECT NVL(MAX(BOARDNUM), 9999) + 1 FROM BOARD),
    'λ‹¤μ΄μ–΄νΈ μ‹λ‹¨μΌλ΅ κ±΄κ°•ν• λΌμ΄ν”„ μ¤νƒ€μΌ μ±„μ°κΈ°',
    'λ‹¤μ΄μ–΄νΈλ¥Ό μ„ν• μ‹λ‹¨μ€ λΌμ΄ν”„ μ¤νƒ€μΌμ„ κ°μ„ ν•  μ μλ” κΈ°νμ…λ‹λ‹¤. κ±΄κ°•ν• μ‹μ‚¬ μµκ΄€μ„ ν•μ„±ν•κ³  λ©ν‘ μ²΄μ¤‘μ„ λ‹¬μ„±ν•μ„Έμ”.',
    'ray', 1, 'null', 198, SYSTIMESTAMP
);


INSERT INTO BOARD (BOARDNUM, TITLE, CONTENT, MEMBERID, CATEGORY, BOARDIMG, VIEWCNT, BOARDDATE)
VALUES (
    (SELECT NVL(MAX(BOARDNUM), 9999) + 1 FROM BOARD),
    'μ μ‚°μ† μ΄λ™μ λ‹¤μ–‘ν• μΆ…λ¥μ™€ ν¨κ³Ό',
    'μ μ‚°μ† μ΄λ™μ€ μ²΄μ¤‘ κ°λ‰κ³Ό μ‹¬ν μ§€κµ¬λ ¥ ν–¥μƒμ— λ„μ›€μ„ μ¤λ‹λ‹¤. λ¬λ‹, μμ, μ‚¬μ΄ν΄λ§ λ“± λ‹¤μ–‘ν• μ μ‚°μ† μ΄λ™μ„ μ•μ•„λ³΄κ³  ν¨κ³Όλ¥Ό λ„λ ¤λ³΄μ„Έμ”.',
    'woogi', 1, 'null', 145, SYSTIMESTAMP
);


INSERT INTO BOARD (BOARDNUM, TITLE, CONTENT, MEMBERID, CATEGORY, BOARDIMG, VIEWCNT, BOARDDATE)
VALUES (
    (SELECT NVL(MAX(BOARDNUM), 9999) + 1 FROM BOARD),
    'κ·Όμ΅μ„ κ°•ν™”ν•λ” μµκ³ μ μ‹ν’λ“¤',
    'κ·Όμ΅μ„ λ” κ°•ν•κ² λ§λ“¤κΈ° μ„ν• μ‹λ‹¨μ€ λ¬΄μ—‡μΌκΉμ”? κ·Όμ΅μ„ λ” λ°λ‹¬μ‹ν‚¤λ”λ° λ„μ›€μ„ μ£Όλ” μµκ³ μ μ‹ν’λ“¤μ„ μ•μ•„λ³΄μ„Έμ”.',
    'hani', 1, 'null', 172, SYSTIMESTAMP
);


INSERT INTO BOARD (BOARDNUM, TITLE, CONTENT, MEMBERID, CATEGORY, BOARDIMG, VIEWCNT, BOARDDATE)
VALUES (
    (SELECT NVL(MAX(BOARDNUM), 9999) + 1 FROM BOARD),
    'ν™ ν—¬μ¤μ¥ κµ¬μ¶• κ°€μ΄λ“',
    'μ§‘μ—μ„λ„ ν—¬μ¤ μ΄λ™μ„ ν•  μ μλ„λ΅ ν™ ν—¬μ¤μ¥μ„ κµ¬μ¶•ν•λ” λ°©λ²•μ„ μ†κ°ν•©λ‹λ‹¤. ν•„μ μ©ν’κ³Ό νμ„ ν™•μΈν•μ„Έμ”.',
    'autumn', 1, 'null', 163, SYSTIMESTAMP
);


INSERT INTO BOARD (BOARDNUM, TITLE, CONTENT, MEMBERID, CATEGORY, BOARDIMG, VIEWCNT, BOARDDATE)
VALUES (
    (SELECT NVL(MAX(BOARDNUM), 9999) + 1 FROM BOARD),
    'μ μ‚°μ† vs. λ¬΄μ‚°μ† μ΄λ™: μ–΄λ–¤ κ²ƒμ΄ λ” ν¨κ³Όμ μΌκΉ?',
    'μ μ‚°μ† μ΄λ™κ³Ό λ¬΄μ‚°μ† μ΄λ™ μ¤‘ μ–΄λ–¤ κ²ƒμ΄ λ” ν¨κ³Όμ μΌκΉμ”? κ°κ°μ μ¥λ‹¨μ κ³Ό μ–΄λ–¤ κ²½μ°μ— μ–΄λ–¤ μ΄λ™μ„ μ„ νƒν•΄μ•Ό ν•λ”μ§€ μ•μ•„λ³΄μ„Έμ”.',
    'miyeon', 1, 'null', 156, SYSTIMESTAMP
);


INSERT INTO BOARD (BOARDNUM, TITLE, CONTENT, MEMBERID, CATEGORY, BOARDIMG, VIEWCNT, BOARDDATE)
VALUES (
    (SELECT NVL(MAX(BOARDNUM), 9999) + 1 FROM BOARD),
    'μ‹λ‹¨κ³Ό μ΄λ™μ κ· ν• μ°ΎκΈ°',
    'λ‹¤μ΄μ–΄νΈλ¥Ό μ„±κ³µμ μΌλ΅ μ΄λ¤„λ‚΄λ ¤λ©΄ μ¬λ°”λ¥Έ μ‹λ‹¨κ³Ό μ΄λ™μ κ· ν•μ„ μ°Ύλ” κ²ƒμ΄ μ¤‘μ”ν•©λ‹λ‹¤. μ΄λ¥Ό μ„ν• μ΅°μ–Έκ³Ό νμ„ κ³µμ ν•©λ‹λ‹¤.',
    'gisu', 1, 'null', 178, SYSTIMESTAMP
);


INSERT INTO BOARD (BOARDNUM, TITLE, CONTENT, MEMBERID, CATEGORY, BOARDIMG, VIEWCNT, BOARDDATE)
VALUES (
    (SELECT NVL(MAX(BOARDNUM), 9999) + 1 FROM BOARD),
    'ν—¬μ¤ κ°•μ‚¬μ™€ ν•¨κ»ν•λ” ν¨κ³Όμ μΈ μ΄λ™',
    'ν—¬μ¤ κ°•μ‚¬μ™€ ν•¨κ» μ΄λ™ν•λ” κ²ƒμ€ μ–΄λ–¤ μ΄μ μ΄ μμ„κΉμ”? ν—¬μ¤ κ°•μ‚¬μ™€ ν•¨κ»ν•λ” ν¨κ³Όμ μΈ μ΄λ™ ν”„λ΅κ·Έλ¨μ„ μ†κ°ν•©λ‹λ‹¤.',
    'sulyun', 1, 'null', 203, SYSTIMESTAMP
);


INSERT INTO BOARD (BOARDNUM, TITLE, CONTENT, MEMBERID, CATEGORY, BOARDIMG, VIEWCNT, BOARDDATE)
VALUES (
    (SELECT NVL(MAX(BOARDNUM), 9999) + 1 FROM BOARD),
    'κ°„λ‹¨ν• ν™ μ΄λ™ λ£¨ν‹΄',
    'λ°”μ μΌμƒ μ†μ—μ„λ„ ν™ μ΄λ™μ„ ν†µν•΄ κ±΄κ°•μ„ μ μ§€ν•  μ μμµλ‹λ‹¤. κ°„λ‹¨ν• ν™ μ΄λ™ λ£¨ν‹΄μ„ μ•μ•„λ³΄κ³  μ‹¤μ²ν•΄λ³΄μ„Έμ”.',
    'unknown', 1, 'null', 167, SYSTIMESTAMP
);


INSERT INTO BOARD (BOARDNUM, TITLE, CONTENT, MEMBERID, CATEGORY, BOARDIMG, VIEWCNT, BOARDDATE)
VALUES (
    (SELECT NVL(MAX(BOARDNUM), 9999) + 1 FROM BOARD),
    'ν—¬μ¤μ¥μ—μ„ μμ£Ό ν•λ” μ‹¤μ',
    'ν—¬μ¤μ¥μ—μ„ μμ£Ό μ €μ§€λ¥΄λ” μ΄λ™ μ‹ μ‹¤μλ“¤μ„ μ •λ¦¬ν•κ³ , μ΄λ¥Ό ν”Όν•κΈ° μ„ν• νμ„ μ κ³µν•©λ‹λ‹¤. μ¬λ°”λ¥Έ μ΄λ™ λ°©λ²•μ„ μµνμ„Έμ”.',
    'yuna', 1, 'null', 188, SYSTIMESTAMP
);


INSERT INTO BOARD (BOARDNUM, TITLE, CONTENT, MEMBERID, CATEGORY, BOARDIMG, VIEWCNT, BOARDDATE)
VALUES (
    (SELECT NVL(MAX(BOARDNUM), 9999) + 1 FROM BOARD),
    'μ”κ°€μ κ±΄κ°•ν• ν¨κ³Ό',
    'μ”κ°€λ” κ±΄κ°•μ— λ§μ€ μ΄μ μ„ μ κ³µν•©λ‹λ‹¤. λΈκ³Ό λ§μμ„ κ±΄κ°•ν•κ² λ§λ“λ” μ”κ°€μ ν¨κ³Όμ™€ λ‡ κ°€μ§€ κΈ°λ³Έμ μΈ μ”κ°€ μμ„Έλ¥Ό μ•μ•„λ³΄μ„Έμ”.',
    'kazuha', 1, 'null', 212, SYSTIMESTAMP
);


INSERT INTO BOARD (BOARDNUM, TITLE, CONTENT, MEMBERID, CATEGORY, BOARDIMG, VIEWCNT, BOARDDATE)
VALUES (
    (SELECT NVL(MAX(BOARDNUM), 9999) + 1 FROM BOARD),
    'κ·Όλ ¥ μ΄λ™μ ν•„μ”μ„±κ³Ό μ‹μ‘ν•λ” λ°©λ²•',
    'κ·Όλ ¥ μ΄λ™μ€ κ±΄κ°•μ— λ§μ€ μ΄μ μ„ μ κ³µν•©λ‹λ‹¤. κ·Όλ ¥ μ΄λ™μ ν•„μ”μ„±κ³Ό μ‹μ‘ν•λ” λ°©λ²•μ— λ€ν•΄ μ•μ•„λ³΄μ„Έμ”.',
    'yena', 1, 'null', 155, SYSTIMESTAMP
);


INSERT INTO BOARD (BOARDNUM, TITLE, CONTENT, MEMBERID, CATEGORY, BOARDIMG, VIEWCNT, BOARDDATE)
VALUES (
    (SELECT NVL(MAX(BOARDNUM), 9999) + 1 FROM BOARD),
    'λ§μκ°€μ§μΌλ΅ λΈλ§¤ λ§λ“¤κΈ°',
    'ν—¬μ¤ μ΄λ™μ€ λ§μκ°€μ§μ—μ„λ¶€ν„° μ‹μ‘λ©λ‹λ‹¤. λΈλ§¤λ¥Ό λ§λ“¤κΈ° μ„ν• κΈμ •μ μΈ λ§μκ°€μ§μ„ μ μ§€ν•λ” λ°©λ²•μ„ μ•μ•„λ³΄μ„Έμ”.',
    'sakura', 1, 'null', 198, SYSTIMESTAMP
);


INSERT INTO BOARD (BOARDNUM, TITLE, CONTENT, MEMBERID, CATEGORY, BOARDIMG, VIEWCNT, BOARDDATE)
VALUES (
    (SELECT NVL(MAX(BOARDNUM), 9999) + 1 FROM BOARD),
    'ν—¬μ¤μ™€ μμ–‘μ μƒνΈμ‘μ©',
    'ν—¬μ¤ μ΄λ™κ³Ό μμ–‘μ€ μ„λ΅ λ°€μ ‘ν• κ΄€κ³„μ— μμµλ‹λ‹¤. μ¬λ°”λ¥Έ μμ–‘μ„ ν†µν•΄ μ΄λ™ μ„±κ³Όλ¥Ό λ†’μ΄λ” λ°©λ²•μ„ μ•μ•„λ³΄μ„Έμ”.',
    'chu', 1, 'null', 167, SYSTIMESTAMP
);


INSERT INTO BOARD (BOARDNUM, TITLE, CONTENT, MEMBERID, CATEGORY, BOARDIMG, VIEWCNT, BOARDDATE)
VALUES (
    (SELECT NVL(MAX(BOARDNUM), 9999) + 1 FROM BOARD),
    'μ¤νΈλ μ¤ κ΄€λ¦¬μ™€ ν—¬μ¤',
    'μ¤νΈλ μ¤ κ΄€λ¦¬λ” κ±΄κ°•μ— μ¤‘μ”ν• μ—­ν• μ„ ν•©λ‹λ‹¤. ν—¬μ¤ μ΄λ™μ„ ν†µν•΄ μ¤νΈλ μ¤λ¥Ό κ΄€λ¦¬ν•λ” λ°©λ²•μ„ μ•μ•„λ³΄μ„Έμ”.',
    'mizoo', 1, 'null', 213, SYSTIMESTAMP
);


INSERT INTO BOARD (BOARDNUM, TITLE, CONTENT, MEMBERID, CATEGORY, BOARDIMG, VIEWCNT, BOARDDATE)
VALUES (
    (SELECT NVL(MAX(BOARDNUM), 9999) + 1 FROM BOARD),
    'ν—¬μ¤ μΊ ν”„ κ²½ν— κ³µμ ',
    'ν—¬μ¤ μΊ ν”„μ— μ°Έκ°€ν• κ²½ν—μ„ κ³µμ ν•©λ‹λ‹¤. ν—¬μ¤ μΊ ν”„μ—μ„ λ°°μ΄ κ²ƒκ³Ό μƒλ΅μ΄ μΉκµ¬λ“¤κ³Όμ λ§λ‚¨μ— λ€ν•΄ μ΄μ•ΌκΈ°ν•©λ‹λ‹¤.',
    'gigel', 1, 'null', 177, SYSTIMESTAMP
);


INSERT INTO BOARD (BOARDNUM, TITLE, CONTENT, MEMBERID, CATEGORY, BOARDIMG, VIEWCNT, BOARDDATE)
VALUES (
    (SELECT NVL(MAX(BOARDNUM), 9999) + 1 FROM BOARD),
    'μ΄λ™λ³µκ³Ό μ΄λ™μ©ν’ μ„ νƒ κ°€μ΄λ“',
    'μ΄λ™λ³µκ³Ό μ΄λ™μ©ν’μ„ μ„ νƒν•  λ• μ£Όμν•  μ κ³Ό μ¶”μ² μ ν’μ„ μ†κ°ν•©λ‹λ‹¤. νΈμ•ν• μ΄λ™μ„ μ„ν• μ„ νƒμ„ ν•μ„Έμ”.',
    'hein', 1, 'null', 191, SYSTIMESTAMP
);


INSERT INTO BOARD (BOARDNUM, TITLE, CONTENT, MEMBERID, CATEGORY, BOARDIMG, VIEWCNT, BOARDDATE)
VALUES (
    (SELECT NVL(MAX(BOARDNUM), 9999) + 1 FROM BOARD),
    'ν—¬μ¤μ™€ κ±΄κ°•ν• μλ©΄',
    'ν—¬μ¤μ™€ κ±΄κ°•ν• μλ©΄μ€ λ°€μ ‘ν• κ΄€λ ¨μ΄ μμµλ‹λ‹¤. μ¬λ°”λ¥Έ μλ©΄ ν¨ν„΄μ„ μ μ§€ν•λ” λ°©λ²•μ„ μ•μ•„λ³΄μ„Έμ”.',
    'whoareyou', 1, 'null', 215, SYSTIMESTAMP
);


INSERT INTO BOARD (BOARDNUM, TITLE, CONTENT, MEMBERID, CATEGORY, BOARDIMG, VIEWCNT, BOARDDATE)
VALUES (
    (SELECT NVL(MAX(BOARDNUM), 9999) + 1 FROM BOARD),
    'ν—¬μ¤ μ‹μ‚¬ μμ μ™€ λ μ‹ν”Ό',
    'ν—¬μ¤ μ‹μ‚¬ μμ μ™€ κ±΄κ°•ν• λ μ‹ν”Όλ¥Ό κ³µμ ν•©λ‹λ‹¤. λ§›μλ” μμ‹μ„ λ¨ΉμΌλ©° κ±΄κ°•μ„ μ±™κΈ°μ„Έμ”.',
    'yezi', 1, 'null', 172, SYSTIMESTAMP
);


INSERT INTO BOARD (BOARDNUM, TITLE, CONTENT, MEMBERID, CATEGORY, BOARDIMG, VIEWCNT, BOARDDATE)
VALUES (
    (SELECT NVL(MAX(BOARDNUM), 9999) + 1 FROM BOARD),
    'μ¤νΈλ μ¤ ν•΄μ†λ¥Ό μ„ν• ν—¬μ¤ μ΄λ™',
    'μ¤νΈλ μ¤λ¥Ό ν¨κ³Όμ μΌλ΅ ν•΄μ†ν•λ ¤λ©΄ μ–΄λ–¤ μ΄λ™μ„ ν•΄μ•Ό ν• κΉμ”? μ¤νΈλ μ¤ κ΄€λ¦¬λ¥Ό μ„ν• ν—¬μ¤ μ΄λ™μ„ μ•μ•„λ³΄μ„Έμ”.',
    'joyuri', 1, 'null', 199, SYSTIMESTAMP
);


INSERT INTO BOARD (BOARDNUM, TITLE, CONTENT, MEMBERID, CATEGORY, BOARDIMG, VIEWCNT, BOARDDATE)
VALUES (
    (SELECT NVL(MAX(BOARDNUM), 9999) + 1 FROM BOARD),
    'ν™ ν—¬μ¤ μ¥λΉ„ μ„ νƒ κ°€μ΄λ“',
    'μ§‘μ—μ„ μ΄λ™ν•κΈ° μ„ν• ν™ ν—¬μ¤ μ¥λΉ„λ¥Ό μ„ νƒν•  λ• μ£Όμν•  μ κ³Ό μ¶”μ² μ¥λΉ„λ¥Ό μ†κ°ν•©λ‹λ‹¤. νΈμ•ν• μ΄λ™μ„ μ¦κΈ°μ„Έμ”.',
    'duksun', 1, 'null', 182, SYSTIMESTAMP
);


INSERT INTO BOARD (BOARDNUM, TITLE, CONTENT, MEMBERID, CATEGORY, BOARDIMG, VIEWCNT, BOARDDATE)
VALUES (
    (SELECT NVL(MAX(BOARDNUM), 9999) + 1 FROM BOARD),
    'λ‹¤μ΄μ–΄νΈμ™€ μνΌν‘Έλ“',
    'λ‹¤μ΄μ–΄νΈ μ¤‘μΈλ° μ–΄λ–¤ μνΌν‘Έλ“λ¥Ό μ„­μ·¨ν•΄μ•Ό ν• κΉμ”? λ‹¤μ΄μ–΄νΈμ— λ„μ›€μ΄ λλ” μνΌν‘Έλ“λ¥Ό μ†κ°ν•©λ‹λ‹¤.',
    'daniel', 1, 'null', 174, SYSTIMESTAMP
);


INSERT INTO BOARD (BOARDNUM, TITLE, CONTENT, MEMBERID, CATEGORY, BOARDIMG, VIEWCNT, BOARDDATE)
VALUES (
    (SELECT NVL(MAX(BOARDNUM), 9999) + 1 FROM BOARD),
    'ν—¬μ¤ μ΄λ™κ³Ό μ‹¬λ¦¬ κ±΄κ°•',
    'ν—¬μ¤ μ΄λ™μ€ μ‹¬λ¦¬ κ±΄κ°•μ— μ–΄λ–¤ μν–¥μ„ λ―ΈμΉ κΉμ”? ν—¬μ¤ μ΄λ™μ„ ν†µν•΄ μ‹¬λ¦¬μ  μ•λ…•μ„ μ°Ύλ” λ°©λ²•μ„ μ•μ•„λ³΄μ„Έμ”.',
    'winter', 1, 'null', 208, SYSTIMESTAMP
);


INSERT INTO BOARD (BOARDNUM, TITLE, CONTENT, MEMBERID, CATEGORY, BOARDIMG, VIEWCNT, BOARDDATE)
VALUES (
    (SELECT NVL(MAX(BOARDNUM), 9999) + 1 FROM BOARD),
    'ν—¬μ¤μ™€ μ¤ν¬μΈ  μμ–‘ μ ν’',
    'ν—¬μ¤μ™€ μ¤ν¬μΈ  ν™λ™μ„ μ„ν• μμ–‘ μ ν’μ€ μ–΄λ–¤ κ²ƒλ“¤μ΄ μλ”μ§€ μ•μ•„λ³΄κ³ , μ¬λ°”λ¥Έ μ„­μ·¨ λ°©λ²•μ„ κ³µμ ν•©λ‹λ‹¤.',
    'chaewon', 1, 'null', 186, SYSTIMESTAMP
);


INSERT INTO BOARD (BOARDNUM, TITLE, CONTENT, MEMBERID, CATEGORY, BOARDIMG, VIEWCNT, BOARDDATE)
VALUES (
    (SELECT NVL(MAX(BOARDNUM), 9999) + 1 FROM BOARD),
    'μ΄λ™μ μ¬λ―Έλ¥Ό μ μ§€ν•λ” λ°©λ²•',
    'μ΄λ™μ„ μ§€μ†ν•λ ¤λ©΄ μ–΄λ–»κ² ν•΄μ•Ό ν• κΉμ”? μ΄λ™μ„ μ¦κΈ°κ³  μ¬λ―Έμκ² μ μ§€ν•λ” λ°©λ²•μ„ μ•μ•„λ³΄μ„Έμ”.',
    'esu', 1, 'null', 172, SYSTIMESTAMP
);


INSERT INTO BOARD (BOARDNUM, TITLE, CONTENT, MEMBERID, CATEGORY, BOARDIMG, VIEWCNT, BOARDDATE)
VALUES (
    (SELECT NVL(MAX(BOARDNUM), 9999) + 1 FROM BOARD),
    'μ΄λ™ μ¤‘ λ¶€μƒ μλ°© κ°€μ΄λ“',
    'μ΄λ™ μ¤‘ λ¶€μƒμ„ μλ°©ν•λ” λ°©λ²•κ³Ό μ–΄λ–¤ μ΅°μ‹¬ν•΄μ•Ό ν•  μ΄λ™λ“¤μ„ μ•μ•„λ³΄μ„Έμ”. μ•μ „ν• μ΄λ™μ„ μ„ν• νμ„ κ³µμ ν•©λ‹λ‹¤.',
    'harien', 1, 'null', 194, SYSTIMESTAMP
);


INSERT INTO BOARD (BOARDNUM, TITLE, CONTENT, MEMBERID, CATEGORY, BOARDIMG, VIEWCNT, BOARDDATE)
VALUES (
    (SELECT NVL(MAX(BOARDNUM), 9999) + 1 FROM BOARD),
    'μ¤νΈλ μΉ­ λ£¨ν‹΄ κ°λ°ν•κΈ°',
    'ν¨κ³Όμ μΈ μ¤νΈλ μΉ­ λ£¨ν‹΄μ„ κ°λ°ν•λ ¤λ©΄ μ–΄λ–»κ² ν•΄μ•Ό ν• κΉμ”? μ¤νΈλ μΉ­ λ£¨ν‹΄μ„ λ§λ“λ” λ°©λ²•μ„ μ•λ ¤λ“λ¦½λ‹λ‹¤.',
    'kari', 1, 'null', 198, SYSTIMESTAMP
);


INSERT INTO BOARD (BOARDNUM, TITLE, CONTENT, MEMBERID, CATEGORY, BOARDIMG, VIEWCNT, BOARDDATE)
VALUES (
    (SELECT NVL(MAX(BOARDNUM), 9999) + 1 FROM BOARD),
    'ν—¬μ¤μ™€ μ‹μ‚¬ μ‹κ°„ κ΄€λ¦¬',
    'ν—¬μ¤μ™€ μ‹μ‚¬ μ‹κ°„μ„ μ–΄λ–»κ² κ΄€λ¦¬ν•΄μ•Ό ν• κΉμ”? μ¬λ°”λ¥Έ μ‹μ‚¬ μ‹κ°„μ„ μ„¤μ •ν•λ” λ°©λ²•κ³Ό κ·Έ μ¤‘μ”μ„±μ„ μ•μ•„λ³΄μ„Έμ”.',
    'ray', 1, 'null', 183, SYSTIMESTAMP
);


INSERT INTO BOARD (BOARDNUM, TITLE, CONTENT, MEMBERID, CATEGORY, BOARDIMG, VIEWCNT, BOARDDATE)
VALUES (
    (SELECT NVL(MAX(BOARDNUM), 9999) + 1 FROM BOARD),
    'ν—¬μ¤μ™€ κ±΄κ°•ν• λΌμ΄ν”„ μ¤νƒ€μΌ',
    'ν—¬μ¤ μ΄λ™μ€ κ±΄κ°•ν• λΌμ΄ν”„ μ¤νƒ€μΌμ„ μ΄‰μ§„ν•©λ‹λ‹¤. ν—¬μ¤μ™€ λΌμ΄ν”„ μ¤νƒ€μΌμ κ΄€κ³„λ¥Ό μ•μ•„λ³΄κ³  κ±΄κ°•μ„ μ±™κΈ°μ„Έμ”.',
    'woogi', 1, 'null', 208, SYSTIMESTAMP
);


INSERT INTO BOARD (BOARDNUM, TITLE, CONTENT, MEMBERID, CATEGORY, BOARDIMG, VIEWCNT, BOARDDATE)
VALUES (
    (SELECT NVL(MAX(BOARDNUM), 9999) + 1 FROM BOARD),
    'λ‹¤μ΄μ–΄νΈμ™€ ν—¬μ¤ μ¥λΉ„ ν™μ©',
    'ν—¬μ¤ μ¥λΉ„λ¥Ό ν™μ©ν• λ‹¤μ΄μ–΄νΈ λ°©λ²•μ„ μ†κ°ν•©λ‹λ‹¤. ν¨κ³Όμ μΈ ν—¬μ¤ μ¥λΉ„ μ΄λ™μΌλ΅ λ©ν‘ μ²΄μ¤‘μ„ λ‹¬μ„±ν•μ„Έμ”.',
    'hani', 1, 'null', 184, SYSTIMESTAMP
);


INSERT INTO BOARD (BOARDNUM, TITLE, CONTENT, MEMBERID, CATEGORY, BOARDIMG, VIEWCNT, BOARDDATE)
VALUES (
    (SELECT NVL(MAX(BOARDNUM), 9999) + 1 FROM BOARD),
    'μ΄λ™μ„ μ‹μ‘ν•λ ¤λ”λ° μ΄λ™ν™”λ¥Ό μ°Ύμ„ μ μ—†μ–΄μ”',
    'μ΄λ™μ„ ν•λ ¤λ”λ° μ΄λ™ν™”κ°€ μ–΄λ””κ°”μ„κΉμ”? μ—΄μ‹¬ν μ°Ύλ‹¤κ°€ λ°κ²¬ν• κ³³μ€ μ‹ λ°μ¥μ…λ‹λ‹¤. π‚',
    'autumn', 2, 'null', 75, SYSTIMESTAMP
);


INSERT INTO BOARD (BOARDNUM, TITLE, CONTENT, MEMBERID, CATEGORY, BOARDIMG, VIEWCNT, BOARDDATE)
VALUES (
    (SELECT NVL(MAX(BOARDNUM), 9999) + 1 FROM BOARD),
    'λ‹¤μ΄μ–΄νΈ μ¤‘μΈλ° μΉκµ¬κ°€ ν”Όμ λ°μ΄νΈ μ μ•',
    'μΉκµ¬κ°€ ν”Όμ λ°μ΄νΈλ¥Ό μ μ•ν•λ©΄μ„ "ν• μ΅°κ° μ •λ„ κ΄μ°®κ² μ§€?"λΌκ³  λ¬Όμ–΄λ΄…λ‹λ‹¤. λ‹¤μ΄μ–΄ν„°μ κ³ λ―Ό. π…',
    'miyeon', 2, 'null', 92, SYSTIMESTAMP
);


INSERT INTO BOARD (BOARDNUM, TITLE, CONTENT, MEMBERID, CATEGORY, BOARDIMG, VIEWCNT, BOARDDATE)
VALUES (
    (SELECT NVL(MAX(BOARDNUM), 9999) + 1 FROM BOARD),
    'μ½”λ΅λ‚λ΅ ν—¬μ¤μ¥μ΄ λ¬Έμ„ λ‹«μ•μ–΄μ”',
    'μ½”λ΅λ‚λ΅ ν—¬μ¤μ¥μ΄ λ¬Έμ„ λ‹«μ•λ”λ‹ μ§‘μ—μ„ ν•λ” μ΄λ™μ΄ λμ–΄λ‚ κ²°κ³Ό... λƒ‰μ¥κ³ μ—μ„μ μ΄λ™μ΄ μ¦κ°€ μ¤‘μ…λ‹λ‹¤. π†',
    'gisu', 2, 'null', 88, SYSTIMESTAMP
);


INSERT INTO BOARD (BOARDNUM, TITLE, CONTENT, MEMBERID, CATEGORY, BOARDIMG, VIEWCNT, BOARDDATE)
VALUES (
    (SELECT NVL(MAX(BOARDNUM), 9999) + 1 FROM BOARD),
    'μ΄λ™λ³µ μ…κ³  ν—¬μ¤μ¥ κ°”λ”λ° μƒκ°λ‚ κ²ƒ',
    'μ΄λ™λ³µ μ…κ³  ν—¬μ¤μ¥μ— κ°”λ”λ°, νΌμμ„ κ³ λ―Όν•λ‹¤κ°€ μ§‘μ— λμ•„μ™”μµλ‹λ‹¤. μƒκ°λ‚ κ²ƒμ€... μ΄λ™ν•  μ¤€λΉ„κ°€ μ• λμ—λ‹¤λ” κ±°μ€λ„¤μ”. π',
    'sulyun', 2, 'null', 101, SYSTIMESTAMP
);


INSERT INTO BOARD (BOARDNUM, TITLE, CONTENT, MEMBERID, CATEGORY, BOARDIMG, VIEWCNT, BOARDDATE)
VALUES (
    (SELECT NVL(MAX(BOARDNUM), 9999) + 1 FROM BOARD),
    'λ‹¤μ΄μ–΄νΈ μ¤‘μ΄λΌκ³  μ•Όμ‹μ€ ν•λ£¨μ— ν• λ²μΌλ΅ μ ν•',
    'λ‹¤μ΄μ–΄νΈ μ¤‘μ΄λΌμ„ μ•Όμ‹μ€ ν•λ£¨μ— ν• λ²μΌλ΅ μ ν•ν•λ ¤κ³  ν–λ”λ°, κ·Έ μ•Όμ‹ μ‹κ°„μ΄ μ μ  μ—°μ¥ μ¤‘μ…λ‹λ‹¤. π‚',
    'unknown', 2, 'null', 85, SYSTIMESTAMP
);


INSERT INTO BOARD (BOARDNUM, TITLE, CONTENT, MEMBERID, CATEGORY, BOARDIMG, VIEWCNT, BOARDDATE)
VALUES (
    (SELECT NVL(MAX(BOARDNUM), 9999) + 1 FROM BOARD),
    'μ΄λ™ μ‹μ‘ν•  λ•μ ν¬κΈ°μ™€ νμ‹¬',
    'μ΄λ™μ„ μ‹μ‘ν•λ ¤κ³  ν—¬μ¤μ¥ κ°€μ…ν–λ”λ°, μ²« λ‚  μ΄λ™ ν›„μ νμ‹¬μ΄ μƒλ‹Ήν•©λ‹λ‹¤. λ‹¤μλ‚ μ—λ” ν¬κΈ°ν•λ ¤κ³  ν–μ§€λ§ κ²°κµ­ λ‹¤μ‹ κ°‘λ‹λ‹¤. π„',
    'kang', 2, 'null', 79, SYSTIMESTAMP
);


INSERT INTO BOARD (BOARDNUM, TITLE, CONTENT, MEMBERID, CATEGORY, BOARDIMG, VIEWCNT, BOARDDATE)
VALUES (
    (SELECT NVL(MAX(BOARDNUM), 9999) + 1 FROM BOARD),
    'λ‹¤μ΄μ–΄νΈ μ¤‘ μΉκµ¬μ κ°„μ‹ κ³µκ²©',
    'λ‹¤μ΄μ–΄νΈ μ¤‘μΈλ° μΉκµ¬κ°€ κ°„μ‹μ„ λ“¤κ³  μ™€μ„ λ‚΄ λμ•μ—μ„ κ³µκ²©ν•©λ‹λ‹¤. λ‚΄ λΌμ΄ν”„μ— μ΄λ° μΉκµ¬κ°€ μλ‚μ”? π†',
    'kazuha', 2, 'null', 97, SYSTIMESTAMP
);


INSERT INTO BOARD (BOARDNUM, TITLE, CONTENT, MEMBERID, CATEGORY, BOARDIMG, VIEWCNT, BOARDDATE)
VALUES (
    (SELECT NVL(MAX(BOARDNUM), 9999) + 1 FROM BOARD),
    'ν—¬μ¤μ¥ κ°€μ„ λ„μ›μ„ μ΄λ™ν• κ²½ν—',
    'ν—¬μ¤μ¥μ— κ°€μ„ λ„μ›μ„ μ΄λ™μ„ ν–λ κ²½ν— μλ‚μ”? "ν”λ­ν¬ μ¤‘"μ΄λΌκ³  μ£Όμ¥ν•λ”λ° μ‚¬μ‹¤μ€ μ΅Έκ³  μλ κΈ°μ–µμ΄... π‚',
    'yena', 2, 'null', 84, SYSTIMESTAMP
);


INSERT INTO BOARD (BOARDNUM, TITLE, CONTENT, MEMBERID, CATEGORY, BOARDIMG, VIEWCNT, BOARDDATE)
VALUES (
    (SELECT NVL(MAX(BOARDNUM), 9999) + 1 FROM BOARD),
    'μ΄λ™λ³µ μ…κ³  μΈμ¤νƒ€κ·Έλ¨ μ…€μΉ΄',
    'μ΄λ™λ³µ μ…κ³  μΈμ¤νƒ€κ·Έλ¨ μ…€μΉ΄ μ°μ—λ”λ‹ μ΄λ™μ„ ν• κ²ƒμ²λΌ λ³΄μ΄μ§€λ§ μ‹¤μ λ΅λ” ν™”μ¥μ‹¤μ—μ„ μ°μ€ κ±°μ€λ‹¤λ” κ³ λ°±... π¤£',
    'sakura', 2, 'null', 99, SYSTIMESTAMP
);


INSERT INTO BOARD (BOARDNUM, TITLE, CONTENT, MEMBERID, CATEGORY, BOARDIMG, VIEWCNT, BOARDDATE)
VALUES (
    (SELECT NVL(MAX(BOARDNUM), 9999) + 1 FROM BOARD),
    '"λ”λ” λ» λ¨Ήκ² μ–΄!" λ‹¤μ΄μ–΄νΈ μ¤‘ λ§ν• κ±°"',
    '"λ”λ” λ» λ¨Ήκ² μ–΄!" λ‹¤μ΄μ–΄νΈ μ¤‘μ— λ‡ λ²μ΄λ‚ λ§ν• κ±° κ°™μ•„μ”. λ‹¤μ μκ°„ λ λ‹¤μ‹ μ‹μ‚¬ μ¤‘... π…',
    'chu', 2, 'null', 91, SYSTIMESTAMP
);


INSERT INTO BOARD (BOARDNUM, TITLE, CONTENT, MEMBERID, CATEGORY, BOARDIMG, VIEWCNT, BOARDDATE)
VALUES (
    (SELECT NVL(MAX(BOARDNUM), 9999) + 1 FROM BOARD),
    '"μ΄λ™ν™”λ” κΌ­ ν•„μ”ν•λ‹¤" μ΄λ™κ°€λ“¤μ λ§',
    '"μ΄λ™ν™”λ” κΌ­ ν•„μ”ν•λ‹¤"κ³  ν•λ” μ΄λ™κ°€λ“¤μ λ§μ— λ™μν•λ”λ°, μ΄λ™ν™”λ” λ° λ’·κΏμΉμ— λ†“μ—¬μ§„ λƒ‰μ¥κ³  λ¬Έμ„ λ§‰κΈ° μ„ν•΄μ„μ…λ‹λ‹¤. π†',
    'mizoo', 2, 'null', 105, SYSTIMESTAMP
);


INSERT INTO BOARD (BOARDNUM, TITLE, CONTENT, MEMBERID, CATEGORY, BOARDIMG, VIEWCNT, BOARDDATE)
VALUES (
    (SELECT NVL(MAX(BOARDNUM), 9999) + 1 FROM BOARD),
    '"μ΄λ™ μ‹μ‘ν–μ–΄!"λΌκ³  ν•λ©΄ λ¬΄μ΅°κ±΄ μ•λ ¤μ¤',
    '"μ΄λ™ μ‹μ‘ν–μ–΄!"λΌκ³  ν•λ©΄ λ¬΄μ΅°κ±΄ μ•λ ¤μ¤. κ·Έλ°λ° ν„μ‹¤μ€ μ μ— μ·¨ν• μ±„λ΅ μΉκµ¬λ“¤μ—κ² λ§ν•λ” κ±°μ€μ–΄μ”... π‚',
    'kang', 2, 'null', 88, SYSTIMESTAMP
);


INSERT INTO BOARD (BOARDNUM, TITLE, CONTENT, MEMBERID, CATEGORY, BOARDIMG, VIEWCNT, BOARDDATE)
VALUES (
    (SELECT NVL(MAX(BOARDNUM), 9999) + 1 FROM BOARD),
    '"μ΄λ™ν•λ©΄ κ±΄κ°•ν•΄μ§„λ‹¤λ”λ°" μ‚¬μ‹¤μ€...',
    '"μ΄λ™ν•λ©΄ κ±΄κ°•ν•΄μ§„λ‹¤λ”λ°" μ‚¬μ‹¤μ€ λ¨Έλ¦¬ μ„μ— κ±Έλ ¤μλ” λ°”λ²¨μ΄ λ¬΄μ„­λ‹¤λ” κ±°μ€μ–΄μ”. π†',
    'hein', 2, 'null', 94, SYSTIMESTAMP
);


INSERT INTO BOARD (BOARDNUM, TITLE, CONTENT, MEMBERID, CATEGORY, BOARDIMG, VIEWCNT, BOARDDATE)
VALUES (
    (SELECT NVL(MAX(BOARDNUM), 9999) + 1 FROM BOARD),
    '"μ¤λλ¶€ν„° λ‹¤μ΄μ–΄νΈ μ‹μ‘" λ§ν• λ‚ ',
    '"μ¤λλ¶€ν„° λ‹¤μ΄μ–΄νΈ μ‹μ‘"μ΄λΌκ³  ν• λ‚ , κ·Έ λ‚ λ¶€ν„° μ‚΄μ΄ λ” λΉ¨λ¦¬ μ°κΈ° μ‹μ‘ν•©λ‹λ‹¤. π…',
    'whoareyou', 2, 'null', 102, SYSTIMESTAMP
);


INSERT INTO BOARD (BOARDNUM, TITLE, CONTENT, MEMBERID, CATEGORY, BOARDIMG, VIEWCNT, BOARDDATE)
VALUES (
    (SELECT NVL(MAX(BOARDNUM), 9999) + 1 FROM BOARD),
    'μ΄λ™ μ¤‘μ— λ κ°κ³  μ΄λ™ν•λ” λλ‚',
    'μ΄λ™ μ¤‘μ— λ κ°κ³  μ΄λ™ν•λ” λλ‚μ΄ λ“¤ λ•κ°€ μμ–΄μ”. κ·Έλ°λ° κ·Έλ ‡κ² ν•  λ•λ§λ‹¤ λ¶€μƒ μ„ν—μ΄ μ»¤μ§„λ‹¤λ” κ±Έ μ•κ² λ©λ‹λ‹¤. π†',
    'yezi', 2, 'null', 101, SYSTIMESTAMP
);


INSERT INTO BOARD (BOARDNUM, TITLE, CONTENT, MEMBERID, CATEGORY, BOARDIMG, VIEWCNT, BOARDDATE)
VALUES (
    (SELECT NVL(MAX(BOARDNUM), 9999) + 1 FROM BOARD),
    '"λ‹¤μ΄μ–΄νΈ μ¤‘"μ΄λΌκ³  ν•λ©΄ λ¬΄μ΅°κ±΄ λΉΌλ‹¬λΌκ³ ',
    '"λ‹¤μ΄μ–΄νΈ μ¤‘"μ΄λΌκ³  ν•λ©΄ λ¬΄μ΅°κ±΄ λΉΌλ‹¬λΌκ³  ν•λ”λ°, λ§‰μƒ ν”Όμ ν• μ΅°κ° μ£Όλ©΄ λ‚μ μ‚¬λμ΄ λμ–΄λ²„λ ¤μ”. π‚',
    'joyuri', 2, 'null', 89, SYSTIMESTAMP
);


INSERT INTO BOARD (BOARDNUM, TITLE, CONTENT, MEMBERID, CATEGORY, BOARDIMG, VIEWCNT, BOARDDATE)
VALUES (
    (SELECT NVL(MAX(BOARDNUM), 9999) + 1 FROM BOARD),
    '"μ΄λ™ν™” λ”λ½ν—€μ–΄μ”!" μ‹¤μ λ΅λ”...',
    '"μ΄λ™ν™” λ”λ½ν—€μ–΄μ”!"λΌκ³  ν•λ©΄μ„ μλ‘ν•λ”λ°, μ‹¤μ λ΅λ” κ·Έλƒ¥ λ§νΈμ—μ„ μ‚¬μ¨ μ‹ λ°μ΄λΌλ” κ³ λ°±... π†',
    'duksun', 2, 'null', 94, SYSTIMESTAMP
);


INSERT INTO BOARD (BOARDNUM, TITLE, CONTENT, MEMBERID, CATEGORY, BOARDIMG, VIEWCNT, BOARDDATE)
VALUES (
    (SELECT NVL(MAX(BOARDNUM), 9999) + 1 FROM BOARD),
    '"μ΄λ™μ€ κΎΈμ¤€ν"λΌκ³  ν–μ§€λ§',
    '"μ΄λ™μ€ κΎΈμ¤€ν"λΌκ³  ν–μ§€λ§ κΎΈμ¤€ν μ»¤λ¦¬μ–΄ λ¨λ“λ΅ μΌλ†“κ³  κ·Έλƒ¥ μλ” κ±΄κ°€μ”? π„',
    'daniel', 2, 'null', 99, SYSTIMESTAMP
);


INSERT INTO BOARD (BOARDNUM, TITLE, CONTENT, MEMBERID, CATEGORY, BOARDIMG, VIEWCNT, BOARDDATE, RECOMMENDCNT)
VALUES (
    (SELECT NVL(MAX(BOARDNUM), 9999) + 1 FROM BOARD),
    '"μ΄λ™ μ „μ— μ¤νΈλ μΉ­"μ΄λΌκ³  ν–μ§€λ§',
    '"μ΄λ™ μ „μ— μ¤νΈλ μΉ­"μ΄λΌκ³  ν–μ§€λ§ μ‹¤μ λ΅λ” μΉ¨λ€μ—μ„ λ„μ›μ„ ν•Έλ“ν°λ§ λ§μ§„ κ±°μ€λ„¤μ”. π†',
    'kang', 2, 'null', 105, SYSTIMESTAMP, 1
);


INSERT INTO BOARD (BOARDNUM, TITLE, CONTENT, MEMBERID, CATEGORY, BOARDIMG, VIEWCNT, BOARDDATE, RECOMMENDCNT)
VALUES (
    (SELECT NVL(MAX(BOARDNUM), 9999) + 1 FROM BOARD),
    'κΈ°λ³ΈμμΉ™μ…λ‹λ‹¤',
    'μμλ§ μ μ§€μΌμ£Όμ„Έμ”',
    'kangadmin', 0, 'null', 305, SYSTIMESTAMP, 1
);


INSERT INTO BOARD (BOARDNUM, TITLE, CONTENT, MEMBERID, CATEGORY, BOARDIMG, VIEWCNT, BOARDDATE, RECOMMENDCNT)
VALUES (
    (SELECT NVL(MAX(BOARDNUM), 9999) + 1 FROM BOARD),
    'κ³µμ§€μ‚¬ν•­μ…λ‹λ‹¤',
    'κ·μΉ™μ„ μ μ§€μΌμ£Όμ„Έμ”',
    'kangadmin', 0, 'null', 255, SYSTIMESTAMP, 1
);


INSERT INTO BOARD (BOARDNUM, TITLE, CONTENT, MEMBERID, CATEGORY, BOARDIMG, VIEWCNT, BOARDDATE, RECOMMENDCNT)
VALUES (
    (SELECT NVL(MAX(BOARDNUM), 9999) + 1 FROM BOARD),
    '"μ΄λ™λ³µ μ…κ³  μΉκµ¬ λ§λ‚¨"μ΄λΌκ³  ν–λ”λ°',
    '"μ΄λ™λ³µ μ…κ³  μΉκµ¬ λ§λ‚¨"μ΄λΌκ³  ν–λ”λ°, μ‹¤μ λ΅λ” ν—¬μ¤μ¥μΌλ΅ κ°€μ„ κ³ κΈ° μ¤νκ²ν‹°λ¥Ό λ¨Ήμ—μ–΄μ”. π‚',
    'winter', 2, 'null', 87, SYSTIMESTAMP, 3
);


INSERT INTO BOARD (BOARDNUM, TITLE, CONTENT, MEMBERID, CATEGORY, BOARDIMG, VIEWCNT, BOARDDATE, RECOMMENDCNT)
VALUES (
    (SELECT NVL(MAX(BOARDNUM), 9999) + 1 FROM BOARD),
    'μ•λ…•ν•μ„Έμ”',
    'μ΄λ™μ€ μ λκ°€μ‹λ‚μ”?',
    'kang', 2, 'null', 3, SYSTIMESTAMP, 3
);

INSERT INTO COMMENTS (COMMENTSNUM, COMMENTS, BOARDNUM, MEMBERID, COMMENTSDATE) VALUES ((SELECT NVL(MAX(COMMENTSNUM),19999)+1 FROM COMMENTS), 'λ„λ¬΄ λ°”λΉ μ„ λ”μ΄μƒ μ΄ μ»¤λ®¤λ‹ν‹°μ—μ„ ν™λ™μ„ λ»ν•  μ •λ„?', (SELECT NVL(MAX(BOARDNUM), 0) FROM BOARD), null , SYSTIMESTAMP);
INSERT INTO COMMENTS (COMMENTSNUM, COMMENTS, BOARDNUM, MEMBERID, COMMENTSDATE) VALUES ((SELECT NVL(MAX(COMMENTSNUM),19999)+1 FROM COMMENTS), 'κ²ν•λλΌ λ°”μ¨', (SELECT NVL(MAX(BOARDNUM), 0) FROM BOARD), 'wan' , SYSTIMESTAMP);
INSERT INTO COMMENTS (COMMENTSNUM, COMMENTS, BOARDNUM, MEMBERID, COMMENTSDATE) VALUES ((SELECT NVL(MAX(COMMENTSNUM),19999)+1 FROM COMMENTS), 'μ „ μ”μ¦ λ°”λΉ μ„ κ±°μ λ»ν•κ³  μλ”λ°...', (SELECT NVL(MAX(BOARDNUM), 0) FROM BOARD), 'kang' , SYSTIMESTAMP);

INSERT INTO REPLY (REPLYNUM, REPLY, COMMENTSNUM, MEMBERID, REPLYDATE) VALUES ((SELECT NVL(MAX(REPLYNUM),29999)+1 FROM REPLY), 'μ™ μ‚¬μ„ κ³ μƒν•λ ¤κ³  ν•λ”μ§€ λ¨λ¥΄κ² μ', (SELECT NVL(MAX(COMMENTSNUM), 0) -1 FROM COMMENTS), 'wan', SYSTIMESTAMP);
INSERT INTO REPLY (REPLYNUM, REPLY, COMMENTSNUM, MEMBERID, REPLYDATE) VALUES ((SELECT NVL(MAX(REPLYNUM),29999)+1 FROM REPLY), 'νΉμ‹ κ°™μ΄ μ΄λ™ν•  μ‚¬λ μμΌλ ¤λ‚?', (SELECT NVL(MAX(COMMENTSNUM), 0) FROM COMMENTS), 'kang', SYSTIMESTAMP);


INSERT INTO PROHIBIT (PROHIBITNUM, MEMBERID, COMMONNUM) VALUES ((SELECT NVL(MAX(PROHIBITNUM), 9999) + 1 FROM PROHIBIT), 'wan', (SELECT NVL(MAX(COMMENTSNUM), 0) -1 FROM COMMENTS));
INSERT INTO PROHIBIT (PROHIBITNUM, MEMBERID, COMMONNUM) VALUES ((SELECT NVL(MAX(PROHIBITNUM), 9999) + 1 FROM PROHIBIT), 'lee', (SELECT NVL(MAX(COMMENTSNUM), 0) -1 FROM COMMENTS));
INSERT INTO PROHIBIT (PROHIBITNUM, MEMBERID, COMMONNUM) VALUES ((SELECT NVL(MAX(PROHIBITNUM), 9999) + 1 FROM PROHIBIT), 'kim', (SELECT NVL(MAX(COMMENTSNUM), 0) -1 FROM COMMENTS));
INSERT INTO PROHIBIT (PROHIBITNUM, MEMBERID, COMMONNUM) VALUES ((SELECT NVL(MAX(PROHIBITNUM), 9999) + 1 FROM PROHIBIT), 'ryu', (SELECT NVL(MAX(COMMENTSNUM), 0) -1 FROM COMMENTS));


INSERT INTO PROHIBIT (PROHIBITNUM, MEMBERID, COMMONNUM) VALUES ((SELECT NVL(MAX(PROHIBITNUM), 9999) + 1 FROM PROHIBIT), 'lee', (SELECT NVL(MAX(REPLYNUM), 0) -1 FROM REPLY));
INSERT INTO PROHIBIT (PROHIBITNUM, MEMBERID, COMMONNUM) VALUES ((SELECT NVL(MAX(PROHIBITNUM), 9999) + 1 FROM PROHIBIT), 'ryu', (SELECT NVL(MAX(REPLYNUM), 0) -1 FROM REPLY));
INSERT INTO PROHIBIT (PROHIBITNUM, MEMBERID, COMMONNUM) VALUES ((SELECT NVL(MAX(PROHIBITNUM), 9999) + 1 FROM PROHIBIT), 'wan', (SELECT NVL(MAX(REPLYNUM), 0) -1 FROM REPLY));
INSERT INTO PROHIBIT (PROHIBITNUM, MEMBERID, COMMONNUM) VALUES ((SELECT NVL(MAX(PROHIBITNUM), 9999) + 1 FROM PROHIBIT), 'kim', (SELECT NVL(MAX(REPLYNUM), 0) -1 FROM REPLY));


INSERT INTO WARN (WARNNUM, MEMBERID, WARNTYPE, WARNDATE) VALUES ((SELECT NVL(MAX(WARNNUM),0)+1 FROM WARN), 'kang', 1, SYSTIMESTAMP);
INSERT INTO WARN (WARNNUM, MEMBERID, WARNTYPE, WARNDATE) VALUES ((SELECT NVL(MAX(WARNNUM),0)+1 FROM WARN), 'kang', 2, SYSTIMESTAMP);

INSERT INTO WARN (WARNNUM, MEMBERID, WARNTYPE, WARNDATE) VALUES ((SELECT NVL(MAX(WARNNUM),0)+1 FROM WARN), 'test1', 1, SYSTIMESTAMP);
INSERT INTO WARN (WARNNUM, MEMBERID, WARNTYPE, WARNDATE) VALUES ((SELECT NVL(MAX(WARNNUM),0)+1 FROM WARN), 'test1', 2, SYSTIMESTAMP);
INSERT INTO WARN (WARNNUM, MEMBERID, WARNTYPE, WARNDATE) VALUES ((SELECT NVL(MAX(WARNNUM),0)+1 FROM WARN), 'test1', 2, SYSTIMESTAMP);

INSERT INTO WARN (WARNNUM, MEMBERID, WARNTYPE, WARNDATE) VALUES ((SELECT NVL(MAX(WARNNUM),0)+1 FROM WARN), 'test2', 1, SYSTIMESTAMP);
INSERT INTO WARN (WARNNUM, MEMBERID, WARNTYPE, WARNDATE) VALUES ((SELECT NVL(MAX(WARNNUM),0)+1 FROM WARN), 'test2', 2, SYSTIMESTAMP);
INSERT INTO WARN (WARNNUM, MEMBERID, WARNTYPE, WARNDATE) VALUES ((SELECT NVL(MAX(WARNNUM),0)+1 FROM WARN), 'test2', 2, SYSTIMESTAMP);

INSERT INTO WARN (WARNNUM, MEMBERID, WARNTYPE, WARNDATE) VALUES ((SELECT NVL(MAX(WARNNUM),0)+1 FROM WARN), 'test3', 1, SYSTIMESTAMP);
INSERT INTO WARN (WARNNUM, MEMBERID, WARNTYPE, WARNDATE) VALUES ((SELECT NVL(MAX(WARNNUM),0)+1 FROM WARN), 'test3', 2, SYSTIMESTAMP);
INSERT INTO WARN (WARNNUM, MEMBERID, WARNTYPE, WARNDATE) VALUES ((SELECT NVL(MAX(WARNNUM),0)+1 FROM WARN), 'test3', 2, SYSTIMESTAMP);


INSERT INTO RECOMMEND (RECOMMENDNUM, MEMBERID,COMMONNUM) VALUES ((SELECT NVL(MAX(RECOMMENDNUM),0)+1 FROM RECOMMEND), 'lee', (SELECT NVL(MAX(BOARDNUM), 0) FROM BOARD));
INSERT INTO RECOMMEND (RECOMMENDNUM, MEMBERID,COMMONNUM) VALUES ((SELECT NVL(MAX(RECOMMENDNUM),0)+1 FROM RECOMMEND), 'kim', (SELECT NVL(MAX(BOARDNUM), 0) FROM BOARD));
INSERT INTO RECOMMEND (RECOMMENDNUM, MEMBERID,COMMONNUM) VALUES ((SELECT NVL(MAX(RECOMMENDNUM),0)+1 FROM RECOMMEND), 'ryu', (SELECT NVL(MAX(BOARDNUM), 0) FROM BOARD));


INSERT INTO RECOMMEND (RECOMMENDNUM, MEMBERID,COMMONNUM) VALUES ((SELECT NVL(MAX(RECOMMENDNUM),0)+1 FROM RECOMMEND), 'lee', (SELECT NVL(MAX(BOARDNUM), 0) -1 FROM BOARD));
INSERT INTO RECOMMEND (RECOMMENDNUM, MEMBERID,COMMONNUM) VALUES ((SELECT NVL(MAX(RECOMMENDNUM),0)+1 FROM RECOMMEND), 'kim', (SELECT NVL(MAX(BOARDNUM), 0) -1 FROM BOARD));
INSERT INTO RECOMMEND (RECOMMENDNUM, MEMBERID,COMMONNUM) VALUES ((SELECT NVL(MAX(RECOMMENDNUM),0)+1 FROM RECOMMEND), 'ryu', (SELECT NVL(MAX(BOARDNUM), 0) -1 FROM BOARD));


INSERT INTO RECOMMEND (RECOMMENDNUM, MEMBERID,COMMONNUM) VALUES ((SELECT NVL(MAX(RECOMMENDNUM),0)+1 FROM RECOMMEND), 'lee', (SELECT NVL(MAX(BOARDNUM), 0) -2 FROM BOARD));
INSERT INTO RECOMMEND (RECOMMENDNUM, MEMBERID,COMMONNUM) VALUES ((SELECT NVL(MAX(RECOMMENDNUM),0)+1 FROM RECOMMEND), 'kim', (SELECT NVL(MAX(BOARDNUM), 0) -3 FROM BOARD));
INSERT INTO RECOMMEND (RECOMMENDNUM, MEMBERID,COMMONNUM) VALUES ((SELECT NVL(MAX(RECOMMENDNUM),0)+1 FROM RECOMMEND), 'ryu', (SELECT NVL(MAX(BOARDNUM), 0) -4 FROM BOARD));


INSERT INTO PROHIBIT (PROHIBITNUM, MEMBERID, COMMONNUM) VALUES ((SELECT NVL(MAX(PROHIBITNUM), 9999) + 1 FROM PROHIBIT), 'lee', (SELECT NVL(MAX(PROFILENUM), 0) FROM MEMBERPROFILE));
INSERT INTO PROHIBIT (PROHIBITNUM, MEMBERID, COMMONNUM) VALUES ((SELECT NVL(MAX(PROHIBITNUM), 9999) + 1 FROM PROHIBIT), 'ryu', (SELECT NVL(MAX(PROFILENUM), 0) FROM MEMBERPROFILE));
INSERT INTO PROHIBIT (PROHIBITNUM, MEMBERID, COMMONNUM) VALUES ((SELECT NVL(MAX(PROHIBITNUM), 9999) + 1 FROM PROHIBIT), 'kim', (SELECT NVL(MAX(PROFILENUM), 0) FROM MEMBERPROFILE));

INSERT INTO PROHIBIT (PROHIBITNUM, MEMBERID, COMMONNUM) VALUES ((SELECT NVL(MAX(PROHIBITNUM), 9999) + 1 FROM PROHIBIT), 'lee', (SELECT NVL(MAX(PROFILENUM), 0) -1 FROM MEMBERPROFILE));
INSERT INTO PROHIBIT (PROHIBITNUM, MEMBERID, COMMONNUM) VALUES ((SELECT NVL(MAX(PROHIBITNUM), 9999) + 1 FROM PROHIBIT), 'ryu', (SELECT NVL(MAX(PROFILENUM), 0) -1 FROM MEMBERPROFILE));
INSERT INTO PROHIBIT (PROHIBITNUM, MEMBERID, COMMONNUM) VALUES ((SELECT NVL(MAX(PROHIBITNUM), 9999) + 1 FROM PROHIBIT), 'kim', (SELECT NVL(MAX(PROFILENUM), 0) -1 FROM MEMBERPROFILE));

INSERT INTO PROHIBIT (PROHIBITNUM, MEMBERID, COMMONNUM) VALUES ((SELECT NVL(MAX(PROHIBITNUM), 9999) + 1 FROM PROHIBIT), 'lee', (SELECT NVL(MAX(PROFILENUM), 0) -2 FROM MEMBERPROFILE));
INSERT INTO PROHIBIT (PROHIBITNUM, MEMBERID, COMMONNUM) VALUES ((SELECT NVL(MAX(PROHIBITNUM), 9999) + 1 FROM PROHIBIT), 'ryu', (SELECT NVL(MAX(PROFILENUM), 0) -2 FROM MEMBERPROFILE));
INSERT INTO PROHIBIT (PROHIBITNUM, MEMBERID, COMMONNUM) VALUES ((SELECT NVL(MAX(PROHIBITNUM), 9999) + 1 FROM PROHIBIT), 'kim', (SELECT NVL(MAX(PROFILENUM), 0) -2 FROM MEMBERPROFILE));



INSERT INTO BOARD (BOARDNUM, TITLE, CONTENT, MEMBERID, CATEGORY, BOARDIMG, VIEWCNT, BOARDDATE, PROHIBITCNT)
VALUES (
    (SELECT NVL(MAX(BOARDNUM), 9999) + 1 FROM BOARD),
    'μ“Έλ°μ—†μ΄ μ΄λ™ν•λ‹¤κ³  ν•κ³ μλ„¤....',
    'μ΄λ™ν•λ‹¤κ³  λ‹κ°€ λ­ λκ² λ‹?',
    'test4', 2, 'null', 87, SYSTIMESTAMP, 3
);


INSERT INTO BOARD (BOARDNUM, TITLE, CONTENT, MEMBERID, CATEGORY, BOARDIMG, VIEWCNT, BOARDDATE, PROHIBITCNT)
VALUES (
    (SELECT NVL(MAX(BOARDNUM), 9999) + 1 FROM BOARD),
    'κ²ν•  μ‚¬λ κµ¬ν•΄μ”',
    'μ΄λ™λ§κ³  κ² ν•  μ‚¬λ κµ¬ν•©λ‹λ‹¤',
    'wan', 2, 'null', 5, SYSTIMESTAMP, 3
);


INSERT INTO BOARD (BOARDNUM, TITLE, CONTENT, MEMBERID, CATEGORY, BOARDIMG, VIEWCNT, BOARDDATE, PROHIBITCNT)
VALUES (
    (SELECT NVL(MAX(BOARDNUM), 9999) + 1 FROM BOARD),
    'μ•„λ‹ κ² ν•  μ‚¬λ κµ¬ν• μλ„ μμ§€ λ­κ°€ λ¬Έμ λƒ',
    'μ•”νΌ λ¶ν‰ν•λ” κΈ€',
    'wan', 2, 'null', 5, SYSTIMESTAMP, 3
);


INSERT INTO PROHIBIT (PROHIBITNUM, MEMBERID, COMMONNUM) VALUES ((SELECT NVL(MAX(PROHIBITNUM), 9999) + 1 FROM PROHIBIT), 'lee', (SELECT NVL(MAX(BOARDNUM), 0) FROM BOARD));
INSERT INTO PROHIBIT (PROHIBITNUM, MEMBERID, COMMONNUM) VALUES ((SELECT NVL(MAX(PROHIBITNUM), 9999) + 1 FROM PROHIBIT), 'ryu', (SELECT NVL(MAX(BOARDNUM), 0) FROM BOARD));
INSERT INTO PROHIBIT (PROHIBITNUM, MEMBERID, COMMONNUM) VALUES ((SELECT NVL(MAX(PROHIBITNUM), 9999) + 1 FROM PROHIBIT), 'kim', (SELECT NVL(MAX(BOARDNUM), 0) FROM BOARD));

INSERT INTO PROHIBIT (PROHIBITNUM, MEMBERID, COMMONNUM) VALUES ((SELECT NVL(MAX(PROHIBITNUM), 9999) + 1 FROM PROHIBIT), 'lee', (SELECT NVL(MAX(BOARDNUM), 0) -1 FROM BOARD));
INSERT INTO PROHIBIT (PROHIBITNUM, MEMBERID, COMMONNUM) VALUES ((SELECT NVL(MAX(PROHIBITNUM), 9999) + 1 FROM PROHIBIT), 'ryu', (SELECT NVL(MAX(BOARDNUM), 0) -1 FROM BOARD));
INSERT INTO PROHIBIT (PROHIBITNUM, MEMBERID, COMMONNUM) VALUES ((SELECT NVL(MAX(PROHIBITNUM), 9999) + 1 FROM PROHIBIT), 'kim', (SELECT NVL(MAX(BOARDNUM), 0) -1 FROM BOARD));

INSERT INTO PROHIBIT (PROHIBITNUM, MEMBERID, COMMONNUM) VALUES ((SELECT NVL(MAX(PROHIBITNUM), 9999) + 1 FROM PROHIBIT), 'lee', (SELECT NVL(MAX(BOARDNUM), 0) -2 FROM BOARD));
INSERT INTO PROHIBIT (PROHIBITNUM, MEMBERID, COMMONNUM) VALUES ((SELECT NVL(MAX(PROHIBITNUM), 9999) + 1 FROM PROHIBIT), 'ryu', (SELECT NVL(MAX(BOARDNUM), 0) -2 FROM BOARD));
INSERT INTO PROHIBIT (PROHIBITNUM, MEMBERID, COMMONNUM) VALUES ((SELECT NVL(MAX(PROHIBITNUM), 9999) + 1 FROM PROHIBIT), 'kim', (SELECT NVL(MAX(BOARDNUM), 0) -2 FROM BOARD));


INSERT INTO MATCHING (MATCHINGNUM, SENDERID, RECEIVERID) VALUES ((SELECT NVL(MAX(MATCHINGNUM),0)+1 FROM MATCHING), 'wan', 'kang');
INSERT INTO MATCHING (MATCHINGNUM, SENDERID, RECEIVERID) VALUES ((SELECT NVL(MAX(MATCHINGNUM),0)+1 FROM MATCHING), 'kang', 'iu');

